,TIME_STAMP,TEMPERATURE_Out,GAS_Out,HUMIDITY_Out,PRESSURE_Out,TEMPERATURE_In,GAS_In,HUMIDITY_In,PRESSURE_In
0,2019-05-12 19:00:00,75.0,367019.2,84.8,975.0,75.0,4203911.7,84.8,972.9
1,2019-05-12 20:00:00,73.0,195655.8,89.4,975.2,75.0,1188237.0,89.4,973.0
2,2019-05-12 21:00:00,72.0,182528.4,92.0,975.7,74.0,723933.0,92.0,973.4
3,2019-05-12 22:00:00,72.0,342664.5,91.5,976.1,75.0,723933.0,91.5,973.9
4,2019-05-12 23:00:00,71.0,268596.2,90.1,976.8,75.0,723933.0,90.1,974.6
5,2019-05-13 00:00:00,70.0,179225.0,90.4,977.0,76.0,723933.0,90.4,974.8
6,2019-05-13 01:00:00,70.0,179225.0,90.6,977.1,76.0,723933.0,90.6,974.8
7,2019-05-13 02:00:00,70.0,237114.0,89.4,977.1,76.0,1099133.3,89.4,974.9
8,2019-05-13 03:00:00,69.0,759850.4,89.6,976.9,76.0,1438495.0,89.6,974.7
9,2019-05-13 04:00:00,68.0,787946.4,88.4,977.0,77.0,1394748.8,88.4,974.8
10,2019-05-13 05:00:00,66.0,822180.2,88.8,977.2,76.0,1371878.5,88.8,975.1
11,2019-05-13 06:00:00,66.0,853653.3,87.3,977.9,76.0,1399197.6,87.3,975.7
12,2019-05-13 07:00:00,65.0,886127.7,85.8,978.7,76.0,1383098.4,85.8,976.5
13,2019-05-13 08:00:00,65.0,907377.5,84.7,979.4,76.0,1325489.3,84.7,977.2
14,2019-05-13 09:00:00,66.0,945713.3,78.4,979.8,74.0,1189115.9,78.4,977.5
15,2019-05-13 10:00:00,67.0,1032107.5,70.1,980.0,74.0,723933.0,70.1,977.9
16,2019-05-13 11:00:00,68.0,1175055.4,65.3,980.0,74.0,723933.0,65.3,978.0
17,2019-05-13 12:00:00,69.0,1362717.9,60.5,980.0,74.0,723933.0,60.5,978.0
18,2019-05-13 13:00:00,71.0,953755.0,57.0,979.7,74.0,723933.0,57.0,977.9
19,2019-05-13 14:00:00,72.0,723933.0,54.1,979.6,74.0,723933.0,54.1,977.7
20,2019-05-13 15:00:00,73.0,723933.0,52.2,979.3,74.0,723933.0,52.2,977.5
21,2019-05-13 16:00:00,74.0,723933.0,51.3,979.0,74.0,723933.0,51.3,977.2
22,2019-05-13 17:00:00,75.0,723933.0,48.9,978.8,74.0,723933.0,48.9,977.2
23,2019-05-13 18:00:00,75.0,723933.0,49.0,978.9,75.0,723933.0,49.0,977.3
24,2019-05-13 19:00:00,73.0,723933.0,50.4,979.3,75.0,723933.0,50.4,977.6
25,2019-05-13 20:00:00,71.0,723933.0,54.0,979.8,76.0,723933.0,54.0,978.2
26,2019-05-13 21:00:00,68.0,723933.0,57.8,980.8,76.0,723933.0,57.8,979.0
27,2019-05-13 22:00:00,66.0,723933.0,63.2,981.4,76.0,723933.0,63.2,979.6
28,2019-05-13 23:00:00,64.0,723933.0,70.5,982.0,76.0,723933.0,70.5,980.1
29,2019-05-14 00:00:00,63.0,723933.0,70.7,982.1,75.0,723933.0,70.7,980.1
30,2019-05-14 01:00:00,60.0,723933.0,74.2,982.0,75.0,723933.0,74.2,980.0
31,2019-05-14 02:00:00,59.0,723933.0,76.7,981.8,74.0,723933.0,76.7,979.7
32,2019-05-14 03:00:00,58.0,723933.0,79.8,981.5,74.0,723933.0,79.8,979.4
33,2019-05-14 04:00:00,55.0,723933.0,83.8,981.5,74.0,723933.0,83.8,979.4
34,2019-05-14 05:00:00,55.0,723933.0,85.1,982.0,74.0,723933.0,85.1,979.8
35,2019-05-14 06:00:00,54.0,723933.0,82.9,982.5,74.0,723933.0,82.9,980.2
36,2019-05-14 07:00:00,54.0,723933.0,83.6,983.0,73.0,723933.0,83.6,980.8
37,2019-05-14 08:00:00,56.0,723933.0,80.3,983.8,73.0,723933.0,80.3,981.6
38,2019-05-14 09:00:00,59.0,723933.0,72.5,984.2,73.0,723933.0,72.5,981.9
39,2019-05-14 10:00:00,61.0,723933.0,63.9,984.1,73.0,723933.0,63.9,982.0
40,2019-05-14 11:00:00,63.0,723933.0,60.0,984.2,73.0,723933.0,60.0,982.2
41,2019-05-14 12:00:00,65.0,723933.0,57.3,984.2,73.0,723933.0,57.3,982.2
42,2019-05-14 13:00:00,67.0,723933.0,52.7,983.8,73.0,723933.0,52.7,981.9
43,2019-05-14 14:00:00,70.0,723933.0,52.0,983.3,73.0,723933.0,52.0,981.5
44,2019-05-14 15:00:00,72.0,723933.0,50.8,982.8,74.0,723933.0,50.8,981.0
45,2019-05-14 16:00:00,73.0,723933.0,49.0,982.0,74.0,723933.0,49.0,980.3
46,2019-05-14 17:00:00,74.0,723933.0,47.6,981.6,75.0,723933.0,47.6,979.9
47,2019-05-14 18:00:00,74.0,723933.0,47.1,981.5,75.0,723933.0,47.1,979.9
48,2019-05-14 19:00:00,74.0,723933.0,47.8,981.8,76.0,723933.0,47.8,980.2
49,2019-05-14 20:00:00,72.0,723933.0,51.1,982.6,76.0,723933.0,51.1,981.0
50,2019-05-14 21:00:00,69.0,723933.0,54.0,983.4,75.0,723933.0,54.0,981.7
51,2019-05-14 22:00:00,66.0,723933.0,58.2,983.8,75.0,723933.0,58.2,982.0
52,2019-05-14 23:00:00,62.0,723933.0,68.3,984.1,76.0,723933.0,68.3,982.2
53,2019-05-15 00:00:00,61.0,723933.0,71.5,983.9,76.0,723933.0,71.5,982.0
54,2019-05-15 01:00:00,59.0,723933.0,76.2,983.9,76.0,723933.0,76.2,981.9
55,2019-05-15 02:00:00,58.0,723933.0,78.3,983.7,75.0,723933.0,78.3,981.6
56,2019-05-15 03:00:00,56.0,723933.0,82.2,983.4,75.0,723933.0,82.2,981.3
57,2019-05-15 04:00:00,55.0,723933.0,84.4,983.6,74.0,723933.0,84.4,981.4
58,2019-05-15 05:00:00,54.0,723933.0,86.0,983.8,74.0,723933.0,86.0,981.6
59,2019-05-15 06:00:00,53.0,723933.0,87.1,984.3,74.0,723933.0,87.1,982.1
60,2019-05-15 07:00:00,53.0,723933.0,87.5,984.8,73.0,723933.0,87.5,982.5
61,2019-05-15 08:00:00,55.0,723933.0,84.3,985.4,73.0,723933.0,84.3,983.1
62,2019-05-15 09:00:00,61.0,723933.0,72.6,985.9,73.0,723933.0,72.6,983.5
63,2019-05-15 10:00:00,65.0,723933.0,66.8,986.0,73.0,723933.0,66.8,983.8
64,2019-05-15 11:00:00,67.0,723933.0,64.2,986.2,73.0,723933.0,64.2,984.1
65,2019-05-15 12:00:00,69.0,723933.0,60.7,986.2,73.0,2952844.1,60.7,984.1
66,2019-05-15 13:00:00,71.0,723933.0,57.1,985.6,73.0,3354791.5,57.1,983.7
67,2019-05-15 14:00:00,72.0,723933.0,54.4,984.9,74.0,4327222.1,54.4,983.0
68,2019-05-15 15:00:00,74.0,723933.0,51.8,984.5,74.0,4499635.8,51.8,982.8
69,2019-05-15 16:00:00,75.0,723933.0,51.0,984.2,74.0,3647066.6,51.0,982.5
70,2019-05-15 17:00:00,74.0,723933.0,53.1,983.7,75.0,3106729.2,53.1,982.0
71,2019-05-15 18:00:00,74.0,723933.0,55.0,983.0,75.0,951483.7,55.0,981.3
72,2019-05-15 19:00:00,75.0,723933.0,53.5,983.0,76.0,723933.0,53.5,981.4
73,2019-05-15 20:00:00,74.0,2034422.2,58.4,983.4,76.0,723933.0,58.4,981.7
74,2019-05-15 21:00:00,70.0,1296174.9,69.1,983.8,76.0,723933.0,69.1,982.0
75,2019-05-15 22:00:00,68.0,723933.0,75.5,984.3,77.0,723933.0,75.5,982.4
76,2019-05-15 23:00:00,67.0,723933.0,77.7,984.9,76.0,723933.0,77.7,982.9
77,2019-05-16 00:00:00,66.0,723933.0,79.3,985.2,77.0,723933.0,79.3,983.2
78,2019-05-16 01:00:00,65.0,723933.0,82.9,985.0,77.0,723933.0,82.9,982.9
79,2019-05-16 02:00:00,63.0,723933.0,85.6,984.7,77.0,723933.0,85.6,982.6
80,2019-05-16 03:00:00,63.0,723933.0,87.1,984.4,76.0,723933.0,87.1,982.3
81,2019-05-16 04:00:00,63.0,1046279.4,88.1,984.4,77.0,723933.0,88.1,982.2
82,2019-05-16 05:00:00,63.0,1320840.6,88.2,984.5,76.0,723933.0,88.2,982.3
83,2019-05-16 06:00:00,63.0,1156376.3,89.2,984.6,76.0,723933.0,89.2,982.4
84,2019-05-16 07:00:00,62.0,1024484.1,89.6,985.2,76.0,723933.0,89.6,982.9
85,2019-05-16 08:00:00,63.0,902731.0,89.7,985.8,76.0,723933.0,89.7,983.5
86,2019-05-16 09:00:00,66.0,811061.2,84.4,986.1,76.0,723933.0,84.4,983.9
87,2019-05-16 10:00:00,70.0,841624.3,74.9,986.1,76.0,723933.0,74.9,983.9
88,2019-05-16 11:00:00,74.0,981337.5,72.4,985.8,76.0,723933.0,72.4,983.7
89,2019-05-16 12:00:00,76.0,1205429.4,69.8,985.3,77.0,723933.0,69.8,983.3
90,2019-05-16 13:00:00,80.0,1158338.9,64.7,984.2,76.0,723933.0,64.7,982.3
91,2019-05-16 14:00:00,82.0,723933.0,56.7,983.4,76.0,723933.0,56.7,981.6
92,2019-05-16 15:00:00,84.0,723933.0,53.2,982.8,76.0,723933.0,53.2,981.1
93,2019-05-16 16:00:00,86.0,723933.0,48.6,982.3,76.0,723933.0,48.6,980.8
94,2019-05-16 17:00:00,86.0,723933.0,48.5,981.9,76.0,723933.0,48.5,980.5
95,2019-05-16 18:00:00,86.0,723933.0,47.4,981.5,77.0,723933.0,47.4,980.0
96,2019-05-16 19:00:00,86.0,723933.0,48.2,981.0,77.0,723933.0,48.2,979.5
97,2019-05-16 20:00:00,83.0,723933.0,55.4,981.0,76.0,723933.0,55.4,979.5
98,2019-05-16 21:00:00,79.0,723933.0,64.8,981.4,76.0,723933.0,64.8,979.8
99,2019-05-16 22:00:00,76.0,723933.0,70.1,982.3,76.0,723933.0,70.1,980.5
100,2019-05-16 23:00:00,73.0,723933.0,75.1,983.1,76.0,723933.0,75.1,981.3
101,2019-05-17 00:00:00,73.0,1086317.5,77.3,983.0,76.0,723933.0,77.3,981.1
102,2019-05-17 01:00:00,73.0,1370208.2,80.8,982.8,76.0,723933.0,80.8,980.9
103,2019-05-17 02:00:00,72.0,1244655.8,82.8,982.6,76.0,723933.0,82.8,980.6
104,2019-05-17 03:00:00,71.0,1097578.2,86.3,982.5,76.0,723933.0,86.3,980.4
105,2019-05-17 04:00:00,70.0,961441.1,88.7,982.2,76.0,723933.0,88.7,980.1
106,2019-05-17 05:00:00,69.0,857299.0,89.0,982.7,76.0,723933.0,89.0,980.6
107,2019-05-17 06:00:00,69.0,692299.2,89.6,983.6,76.0,723933.0,89.6,981.4
108,2019-05-17 07:00:00,68.0,179225.0,90.3,983.8,76.0,723933.0,90.3,981.6
109,2019-05-17 08:00:00,69.0,179225.0,87.6,984.3,76.0,723933.0,87.6,982.0
110,2019-05-17 09:00:00,74.0,307059.7,79.1,984.7,76.0,723933.0,79.1,982.5
111,2019-05-17 10:00:00,76.0,819930.2,76.4,984.8,76.0,723933.0,76.4,982.7
112,2019-05-17 11:00:00,78.0,958447.8,72.8,985.0,76.0,723933.0,72.8,983.0
113,2019-05-17 12:00:00,81.0,1190062.6,66.1,984.6,76.0,723933.0,66.1,982.7
114,2019-05-17 13:00:00,84.0,1119419.8,60.4,983.8,76.0,723933.0,60.4,982.1
115,2019-05-17 14:00:00,86.0,723933.0,55.6,983.3,76.0,723933.0,55.6,981.6
116,2019-05-17 15:00:00,87.0,723933.0,52.3,982.8,76.0,723933.0,52.3,981.3
117,2019-05-17 16:00:00,89.0,723933.0,48.7,982.2,76.0,723933.0,48.7,980.7
118,2019-05-17 17:00:00,89.0,723933.0,47.6,981.7,76.0,723933.0,47.6,980.3
119,2019-05-17 18:00:00,89.0,723933.0,47.7,981.6,77.0,3130031.8,47.7,980.2
120,2019-05-17 19:00:00,86.0,723933.0,55.7,981.9,77.0,3767230.8,55.7,980.4
121,2019-05-17 20:00:00,83.0,723933.0,62.1,982.2,77.0,3990188.1,62.1,980.7
122,2019-05-17 21:00:00,81.0,723933.0,66.3,982.6,77.0,3928042.9,66.3,981.0
123,2019-05-17 22:00:00,78.0,723933.0,73.0,983.0,77.0,3727858.6,73.0,981.2
124,2019-05-17 23:00:00,75.0,723933.0,78.7,983.5,76.0,3615556.5,78.7,981.6
125,2019-05-18 00:00:00,74.0,1371679.4,81.9,983.9,76.0,3429337.0,81.9,981.9
126,2019-05-18 01:00:00,73.0,1140388.7,84.4,984.1,78.0,2024835.1,84.4,982.2
127,2019-05-18 02:00:00,72.0,960221.6,86.2,983.8,77.0,723933.0,86.2,981.8
128,2019-05-18 03:00:00,71.0,846588.4,87.4,983.5,77.0,723933.0,87.4,981.4
129,2019-05-18 04:00:00,70.0,744142.1,89.2,983.5,77.0,723933.0,89.2,981.4
130,2019-05-18 05:00:00,69.0,188686.8,90.0,983.9,77.0,723933.0,90.0,981.8
131,2019-05-18 06:00:00,68.0,179225.0,91.0,984.2,77.0,723933.0,91.0,982.1
132,2019-05-18 07:00:00,68.0,269304.6,91.3,984.7,77.0,723933.0,91.3,982.5
133,2019-05-18 08:00:00,70.0,353343.4,89.4,985.3,77.0,723933.0,89.4,983.0
134,2019-05-18 09:00:00,74.0,342289.1,81.1,985.6,77.0,723933.0,81.1,983.3
135,2019-05-18 10:00:00,78.0,208303.1,73.3,985.6,77.0,723933.0,73.3,983.6
136,2019-05-18 11:00:00,81.0,797648.6,66.1,985.6,77.0,723933.0,66.1,983.7
137,2019-05-18 12:00:00,83.0,1250580.4,59.9,985.3,78.0,723933.0,59.9,983.5
138,2019-05-18 13:00:00,85.0,799515.0,56.7,984.7,77.0,723933.0,56.7,983.1
139,2019-05-18 14:00:00,87.0,723933.0,53.6,984.1,77.0,1144437.2,53.6,982.5
140,2019-05-18 15:00:00,88.0,723933.0,51.6,983.3,77.0,3413231.0,51.6,981.8
141,2019-05-18 16:00:00,87.0,723933.0,52.1,982.6,76.0,4076949.6,52.1,981.1
142,2019-05-18 17:00:00,88.0,723933.0,52.3,982.3,76.0,4618715.3,52.3,980.8
143,2019-05-18 18:00:00,87.0,723933.0,52.8,982.1,77.0,4694805.6,52.8,980.6
144,2019-05-18 19:00:00,85.0,723933.0,59.0,981.9,77.0,4564222.8,59.0,980.4
145,2019-05-18 20:00:00,84.0,723933.0,61.0,982.1,77.0,4200218.6,61.0,980.6
146,2019-05-18 21:00:00,81.0,723933.0,64.9,982.6,77.0,3869633.1,64.9,981.0
147,2019-05-18 22:00:00,79.0,723933.0,70.4,983.2,77.0,3835859.8,70.4,981.5
148,2019-05-18 23:00:00,76.0,723933.0,76.3,983.7,77.0,3755599.3,76.3,981.9
149,2019-05-19 00:00:00,76.0,1096316.8,77.4,983.8,77.0,3638220.3,77.4,981.9
150,2019-05-19 01:00:00,74.0,1219108.4,81.8,983.8,77.0,3514822.5,81.8,981.8
151,2019-05-19 02:00:00,72.0,998918.1,85.6,983.7,76.0,3322183.6,85.6,981.6
152,2019-05-19 03:00:00,72.0,828628.3,86.3,983.6,76.0,2433944.6,86.3,981.5
153,2019-05-19 04:00:00,71.0,382279.1,88.6,983.8,76.0,723933.0,88.6,981.7
154,2019-05-19 05:00:00,70.0,198901.8,89.0,984.1,76.0,723933.0,89.0,982.0
155,2019-05-19 06:00:00,70.0,366830.6,89.5,984.2,76.0,723933.0,89.5,982.1
156,2019-05-19 07:00:00,69.0,354030.1,90.6,984.6,76.0,723933.0,90.6,982.4
157,2019-05-19 08:00:00,70.0,333724.9,90.2,985.1,76.0,723933.0,90.2,982.8
158,2019-05-19 09:00:00,74.0,325581.0,82.8,985.2,76.0,723933.0,82.8,983.0
159,2019-05-19 10:00:00,78.0,502338.3,63.8,984.7,76.0,723933.0,63.8,982.7
160,2019-05-19 11:00:00,81.0,1086738.9,53.8,984.8,76.0,723933.0,53.8,983.0
161,2019-05-19 12:00:00,83.0,1003008.8,51.3,984.9,76.0,1027333.9,51.3,983.2
162,2019-05-19 13:00:00,85.0,723933.0,49.6,984.3,76.0,3163367.9,49.6,982.7
163,2019-05-19 14:00:00,87.0,723933.0,47.3,983.7,76.0,3636567.1,47.3,982.2
164,2019-05-19 15:00:00,88.0,723933.0,45.6,983.2,77.0,4098985.8,45.6,981.7
165,2019-05-19 16:00:00,89.0,723933.0,43.8,982.8,77.0,4440573.2,43.8,981.4
166,2019-05-19 17:00:00,88.0,723933.0,43.9,982.5,77.0,4833184.7,43.9,981.1
167,2019-05-19 18:00:00,89.0,723933.0,44.1,982.3,76.0,5239708.7,44.1,980.9
168,2019-05-19 19:00:00,87.0,723933.0,45.3,982.2,76.0,5253739.8,45.3,980.8
169,2019-05-19 20:00:00,85.0,723933.0,50.1,982.2,76.0,3926152.8,50.1,980.8
170,2019-05-19 21:00:00,81.0,723933.0,57.6,982.8,76.0,2895732.0,57.6,981.2
171,2019-05-19 22:00:00,78.0,723933.0,65.1,983.1,77.0,2895732.0,65.1,981.5
172,2019-05-19 23:00:00,76.0,723933.0,68.6,983.5,77.0,4922715.6,68.6,981.8
173,2019-05-20 00:00:00,75.0,723933.0,72.3,983.7,77.0,5257639.0,72.3,981.9
174,2019-05-20 01:00:00,73.0,723933.0,76.4,983.7,77.0,4489934.3,76.4,981.9
175,2019-05-20 02:00:00,72.0,1003755.4,78.9,983.7,77.0,3930649.7,78.9,981.8
176,2019-05-20 03:00:00,71.0,1278154.9,81.3,983.8,77.0,3489874.0,81.3,981.8
177,2019-05-20 04:00:00,71.0,1061629.2,83.6,983.9,77.0,3166833.3,83.6,981.9
178,2019-05-20 05:00:00,71.0,895309.2,84.5,983.9,77.0,1141446.2,84.5,981.9
179,2019-05-20 06:00:00,72.0,713315.7,84.5,984.1,77.0,723933.0,84.5,982.1
180,2019-05-20 07:00:00,72.0,179225.0,85.4,984.6,77.0,723933.0,85.4,982.5
181,2019-05-20 08:00:00,72.0,330362.9,85.0,985.2,76.0,723933.0,85.0,983.0
182,2019-05-20 09:00:00,76.0,270070.8,75.2,985.5,76.0,723933.0,75.2,983.4
183,2019-05-20 10:00:00,78.0,674939.0,70.3,985.6,77.0,723933.0,70.3,983.6
184,2019-05-20 11:00:00,80.0,951348.3,65.0,985.4,77.0,723933.0,65.0,983.6
185,2019-05-20 12:00:00,80.0,977328.1,62.0,985.4,77.0,2784949.7,62.0,983.6
186,2019-05-20 13:00:00,83.0,1115798.2,60.3,985.0,77.0,3550693.2,60.3,983.3
187,2019-05-20 14:00:00,85.0,1336583.5,55.6,984.5,77.0,3642515.6,55.6,982.8
188,2019-05-20 15:00:00,87.0,913765.0,49.5,983.7,76.0,3929120.0,49.5,982.1
189,2019-05-20 16:00:00,88.0,723933.0,47.6,983.0,76.0,4219600.4,47.6,981.5
190,2019-05-20 17:00:00,88.0,723933.0,47.4,982.6,77.0,4289878.2,47.4,981.1
191,2019-05-20 18:00:00,88.0,723933.0,46.7,982.3,77.0,4079533.9,46.7,980.9
192,2019-05-20 19:00:00,87.0,723933.0,48.8,982.2,77.0,4244370.3,48.8,980.8
193,2019-05-20 20:00:00,85.0,723933.0,49.7,982.1,77.0,4323229.8,49.7,980.8
194,2019-05-20 21:00:00,81.0,723933.0,58.2,982.2,78.0,4749074.2,58.2,980.7
195,2019-05-20 22:00:00,78.0,723933.0,66.4,982.5,79.0,4211505.4,66.4,980.9
196,2019-05-20 23:00:00,75.0,723933.0,71.9,982.7,78.0,3817540.3,71.9,981.0
197,2019-05-21 00:00:00,74.0,776731.1,76.5,982.7,77.0,3766425.6,76.5,980.9
198,2019-05-21 01:00:00,72.0,1388133.7,81.3,982.5,76.0,3793903.1,81.3,980.5
199,2019-05-21 02:00:00,70.0,1204624.7,84.4,982.2,76.0,3731350.7,84.4,980.2
200,2019-05-21 03:00:00,69.0,1065853.7,86.3,982.2,76.0,3425936.1,86.3,980.2
201,2019-05-21 04:00:00,68.0,950465.3,87.0,982.1,76.0,3094240.7,87.0,980.1
202,2019-05-21 05:00:00,67.0,857177.6,88.5,982.3,76.0,837708.4,88.5,980.2
203,2019-05-21 06:00:00,66.0,793415.0,89.1,982.5,76.0,723933.0,89.1,980.4
204,2019-05-21 07:00:00,65.0,420268.1,89.2,982.9,76.0,723933.0,89.2,980.7
205,2019-05-21 08:00:00,67.0,179225.0,87.8,983.4,76.0,723933.0,87.8,981.2
206,2019-05-21 09:00:00,72.0,313684.4,80.5,983.8,76.0,723933.0,80.5,981.5
207,2019-05-21 10:00:00,78.0,297567.1,67.2,983.7,76.0,723933.0,67.2,981.7
208,2019-05-21 11:00:00,81.0,943695.5,56.2,983.3,76.0,723933.0,56.2,981.5
209,2019-05-21 12:00:00,83.0,1148558.3,53.8,983.0,76.0,723933.0,53.8,981.3
210,2019-05-21 13:00:00,85.0,723933.0,50.7,982.5,76.0,913558.6,50.7,980.9
211,2019-05-21 14:00:00,87.0,723933.0,48.2,981.9,76.0,3208970.7,48.2,980.4
212,2019-05-21 15:00:00,88.0,723933.0,47.4,981.3,76.0,3837127.7,47.4,979.8
213,2019-05-21 16:00:00,88.0,723933.0,47.6,980.9,76.0,4557056.4,47.6,979.5
214,2019-05-21 17:00:00,88.0,723933.0,47.9,980.7,76.0,4958432.3,47.9,979.3
215,2019-05-21 18:00:00,88.0,723933.0,47.7,980.7,76.0,4914282.6,47.7,979.3
216,2019-05-21 19:00:00,88.0,723933.0,48.1,980.6,76.0,5032957.0,48.1,979.3
217,2019-05-21 20:00:00,85.0,723933.0,57.6,980.8,76.0,4780935.2,57.6,979.3
218,2019-05-21 21:00:00,82.0,723933.0,64.0,981.2,76.0,4565279.7,64.0,979.7
219,2019-05-21 22:00:00,80.0,723933.0,67.9,981.8,76.0,4489809.0,67.9,980.2
220,2019-05-21 23:00:00,78.0,723933.0,71.9,982.5,76.0,4584578.6,71.9,980.8
221,2019-05-22 00:00:00,76.0,1093038.4,76.6,982.9,75.0,4603369.1,76.6,981.1
222,2019-05-22 01:00:00,75.0,1203830.9,79.5,983.4,75.0,4551050.7,79.5,981.5
223,2019-05-22 02:00:00,74.0,1041961.6,80.2,983.6,76.0,4277326.7,80.2,981.6
224,2019-05-22 03:00:00,75.0,913326.8,81.0,983.7,76.0,4018128.6,81.0,981.7
225,2019-05-22 04:00:00,74.0,819451.4,83.3,984.1,76.0,3782238.2,83.3,982.0
226,2019-05-22 05:00:00,73.0,480411.3,85.3,985.0,76.0,3543309.2,85.3,982.9
227,2019-05-22 06:00:00,72.0,179225.0,86.6,985.5,76.0,3272943.4,86.6,983.4
228,2019-05-22 07:00:00,71.0,179225.0,87.0,985.8,76.0,2612429.3,87.0,983.7
229,2019-05-22 08:00:00,73.0,330398.8,82.5,986.5,76.0,723933.0,82.5,984.4
230,2019-05-22 09:00:00,78.0,336029.1,73.1,986.7,75.0,1065371.2,73.1,984.5
231,2019-05-22 10:00:00,81.0,626663.3,64.0,986.4,75.0,3142521.4,64.0,984.5
232,2019-05-22 11:00:00,82.0,1088667.6,59.2,986.6,76.0,2093883.5,59.2,984.9
233,2019-05-22 12:00:00,85.0,1054487.5,55.5,986.6,76.0,2926939.7,55.5,985.0
234,2019-05-22 13:00:00,87.0,723933.0,52.5,986.6,76.0,3912441.8,52.5,985.1
235,2019-05-22 14:00:00,89.0,723933.0,46.6,986.5,76.0,4816926.3,46.6,985.0
236,2019-05-22 15:00:00,90.0,723933.0,45.8,986.3,76.0,5566829.7,45.8,984.9
237,2019-05-22 16:00:00,91.0,723933.0,45.5,986.1,77.0,5409880.1,45.5,984.8
238,2019-05-22 17:00:00,92.0,723933.0,43.0,985.9,77.0,2895732.0,43.0,984.6
239,2019-05-22 18:00:00,91.0,723933.0,44.5,986.0,77.0,2895732.0,44.5,984.7
240,2019-05-22 19:00:00,90.0,723933.0,45.3,986.2,77.0,2895732.0,45.3,984.9
241,2019-05-22 20:00:00,89.0,723933.0,47.6,986.4,77.0,2895732.0,47.6,985.1
242,2019-05-22 21:00:00,85.0,723933.0,56.6,987.1,77.0,2895732.0,56.6,985.7
243,2019-05-22 22:00:00,85.0,723933.0,64.1,988.1,76.0,2895732.0,64.1,986.5
244,2019-05-22 23:00:00,83.0,723933.0,68.7,988.9,77.0,2895732.0,68.7,987.2
245,2019-05-23 00:00:00,81.0,723933.0,73.6,989.2,77.0,2895732.0,73.6,987.5
246,2019-05-23 01:00:00,79.0,723933.0,77.7,989.4,77.0,2895732.0,77.7,987.6
247,2019-05-23 02:00:00,78.0,723933.0,81.5,989.2,77.0,4815246.4,81.5,987.3
248,2019-05-23 03:00:00,77.0,723933.0,83.6,989.0,77.0,5640948.0,83.6,987.1
249,2019-05-23 04:00:00,77.0,723933.0,83.1,989.3,77.0,5197307.6,83.1,987.3
250,2019-05-23 05:00:00,76.0,878489.4,82.9,989.9,77.0,4817722.7,82.9,987.9
251,2019-05-23 06:00:00,75.0,1395094.2,83.6,990.6,77.0,4466052.6,83.6,988.6
252,2019-05-23 07:00:00,74.0,1228636.1,83.0,991.4,77.0,4132539.7,83.0,989.3
253,2019-05-23 08:00:00,75.0,1096249.6,80.7,992.0,77.0,3765383.4,80.7,989.9
254,2019-05-23 09:00:00,78.0,1048633.1,75.8,992.5,77.0,3456443.2,75.8,990.5
255,2019-05-23 10:00:00,80.0,1078694.8,69.4,992.6,78.0,3344726.9,69.4,990.7
256,2019-05-23 11:00:00,82.0,1221803.6,66.5,992.5,77.0,3436551.5,66.5,990.7
257,2019-05-23 12:00:00,83.0,1120703.9,64.5,992.3,77.0,3685490.4,64.5,990.5
258,2019-05-23 13:00:00,85.0,723933.0,62.2,991.8,77.0,4022842.3,62.2,990.1
259,2019-05-23 14:00:00,87.0,723933.0,60.3,991.1,77.0,4276178.4,60.3,989.5
260,2019-05-23 15:00:00,87.0,723933.0,60.1,990.4,77.0,4602385.3,60.1,988.8
261,2019-05-23 16:00:00,88.0,723933.0,60.9,989.7,78.0,4932883.6,60.9,988.1
262,2019-05-23 17:00:00,88.0,723933.0,60.3,989.2,78.0,4898622.4,60.3,987.6
263,2019-05-23 18:00:00,88.0,723933.0,59.1,988.6,78.0,2895732.0,59.1,987.0
264,2019-05-23 19:00:00,88.0,723933.0,60.8,988.2,78.0,2895732.0,60.8,986.6
265,2019-05-23 20:00:00,87.0,723933.0,64.1,988.1,78.0,2895732.0,64.1,986.5
266,2019-05-23 21:00:00,86.0,723933.0,65.4,988.1,77.0,2895732.0,65.4,986.4
267,2019-05-23 22:00:00,84.0,723933.0,69.5,988.3,78.0,2895732.0,69.5,986.7
268,2019-05-23 23:00:00,82.0,723933.0,73.1,988.7,78.0,2895732.0,73.1,987.0
269,2019-05-24 00:00:00,80.0,723933.0,75.5,989.0,77.0,2895732.0,75.5,987.2
270,2019-05-24 01:00:00,78.0,1431674.6,78.2,988.9,76.0,2895732.0,78.2,987.0
271,2019-05-24 02:00:00,77.0,1255434.9,81.4,988.8,76.0,2895732.0,81.4,986.8
272,2019-05-24 03:00:00,76.0,1081242.5,83.6,988.5,76.0,2895732.0,83.6,986.5
273,2019-05-24 04:00:00,75.0,947233.4,85.8,988.4,76.0,5708024.1,85.8,986.3
274,2019-05-24 05:00:00,74.0,829838.0,88.3,988.4,76.0,5285517.4,88.3,986.4
275,2019-05-24 06:00:00,74.0,462822.6,87.7,988.7,76.0,4836342.1,87.7,986.6
276,2019-05-24 07:00:00,73.0,179225.0,88.9,989.3,76.0,4412358.8,88.9,987.2
277,2019-05-24 08:00:00,74.0,208288.6,88.7,989.9,76.0,3979460.8,88.7,987.8
278,2019-05-24 09:00:00,78.0,189158.0,77.5,990.1,76.0,3649091.2,77.5,988.0
279,2019-05-24 10:00:00,81.0,459019.2,72.1,990.5,77.0,3613670.9,72.1,988.6
280,2019-05-24 11:00:00,84.0,941981.7,66.4,990.3,76.0,3905939.6,66.4,988.4
281,2019-05-24 12:00:00,87.0,1235431.9,60.0,990.0,77.0,5201695.4,60.0,988.3
282,2019-05-24 13:00:00,89.0,1429731.3,55.7,989.6,77.0,5560078.3,55.7,988.0
