,ds,trend,yhat_lower,yhat_upper,trend_lower,trend_upper,additive_terms,additive_terms_lower,additive_terms_upper,daily,daily_lower,daily_upper,multiplicative_terms,multiplicative_terms_lower,multiplicative_terms_upper,yhat
0,2019-05-12 19:00:00,72.61584512835844,77.83758084837045,82.366234239105,72.61584512835844,72.61584512835844,7.517437953594726,7.517437953594726,7.517437953594726,7.517437953594726,7.517437953594726,7.517437953594726,0.0,0.0,0.0,80.13328308195317
1,2019-05-12 20:00:00,72.36778955569737,75.39578791953697,79.96144388270444,72.36778955569737,72.36778955569737,5.390703057626899,5.390703057626899,5.390703057626899,5.390703057626899,5.390703057626899,5.390703057626899,0.0,0.0,0.0,77.75849261332426
2,2019-05-12 21:00:00,72.11973398303631,72.86371458448338,77.32383285473131,72.11973398303631,72.11973398303631,2.9871531796632245,2.9871531796632245,2.9871531796632245,2.9871531796632245,2.9871531796632245,2.9871531796632245,0.0,0.0,0.0,75.10688716269954
3,2019-05-12 22:00:00,71.87167841037522,70.25881923332058,74.50085270669612,71.87167841037522,71.87167841037522,0.5986773596140778,0.5986773596140778,0.5986773596140778,0.5986773596140778,0.5986773596140778,0.5986773596140778,0.0,0.0,0.0,72.4703557699893
4,2019-05-12 23:00:00,71.62362283771415,67.88281883405139,72.28430303576644,71.62362283771415,71.62362283771415,-1.5503498531400883,-1.5503498531400883,-1.5503498531400883,-1.5503498531400883,-1.5503498531400883,-1.5503498531400883,0.0,0.0,0.0,70.07327298457406
5,2019-05-13 00:00:00,71.37556726505308,65.84698684929151,70.23998428514712,71.37556726505308,71.37556726505308,-3.2843533565841168,-3.2843533565841168,-3.2843533565841168,-3.2843533565841168,-3.2843533565841168,-3.2843533565841168,0.0,0.0,0.0,68.09121390846896
6,2019-05-13 01:00:00,71.127511692392,64.45503174562025,68.79931743976286,71.127511692392,71.127511692392,-4.5321194710573565,-4.5321194710573565,-4.5321194710573565,-4.5321194710573565,-4.5321194710573565,-4.5321194710573565,0.0,0.0,0.0,66.59539222133465
7,2019-05-13 02:00:00,70.87945611973093,63.31460631162316,67.6376365459809,70.87945611973093,70.87945611973093,-5.417718583150391,-5.417718583150391,-5.417718583150391,-5.417718583150391,-5.417718583150391,-5.417718583150391,0.0,0.0,0.0,65.46173753658054
8,2019-05-13 03:00:00,70.63140054706986,62.08877558244271,66.55848646689167,70.63140054706986,70.63140054706986,-6.238396116834128,-6.238396116834128,-6.238396116834128,-6.238396116834128,-6.238396116834128,-6.238396116834128,0.0,0.0,0.0,64.39300443023573
9,2019-05-13 04:00:00,70.38334497440879,61.11409559584413,65.25263482076755,70.38334497440879,70.38334497440879,-7.250909766945225,-7.250909766945225,-7.250909766945225,-7.250909766945225,-7.250909766945225,-7.250909766945225,0.0,0.0,0.0,63.13243520746356
10,2019-05-13 05:00:00,70.13528938829722,59.46026334339757,64.03846221116753,70.13528938829722,70.13528938829722,-8.392343294710965,-8.392343294710965,-8.392343294710965,-8.392343294710965,-8.392343294710965,-8.392343294710965,0.0,0.0,0.0,61.742946093586255
11,2019-05-13 06:00:00,69.88723380218566,58.50953727590817,62.89812498927431,69.88723380218566,69.88723380218566,-9.190101648073183,-9.190101648073183,-9.190101648073183,-9.190101648073183,-9.190101648073183,-9.190101648073183,0.0,0.0,0.0,60.69713215411248
12,2019-05-13 07:00:00,69.63917821607411,58.4923504075383,62.86935002646031,69.63917821607411,69.63917821607411,-9.005631298439539,-9.005631298439539,-9.005631298439539,-9.005631298439539,-9.005631298439539,-9.005631298439539,0.0,0.0,0.0,60.633546917634575
13,2019-05-13 08:00:00,69.39112262996255,59.44040377638078,64.03524361990185,69.39112262996255,69.39112262996255,-7.474168492980648,-7.474168492980648,-7.474168492980648,-7.474168492980648,-7.474168492980648,-7.474168492980648,0.0,0.0,0.0,61.91695413698191
14,2019-05-13 09:00:00,69.14306704385099,62.21067344303876,66.45252787240477,69.14306704385099,69.14306704385099,-4.802619458550565,-4.802619458550565,-4.802619458550565,-4.802619458550565,-4.802619458550565,-4.802619458550565,0.0,0.0,0.0,64.34044758530042
15,2019-05-13 10:00:00,68.89501145773943,65.01712107395348,69.43234868815915,68.89501145773943,68.89501145773943,-1.6725462511150064,-1.6725462511150064,-1.6725462511150064,-1.6725462511150064,-1.6725462511150064,-1.6725462511150064,0.0,0.0,0.0,67.22246520662442
16,2019-05-13 11:00:00,68.64695587162787,67.640468047477,71.88612029111799,68.64695587162787,68.64695587162787,1.1879577927520548,1.1879577927520548,1.1879577927520548,1.1879577927520548,1.1879577927520548,1.1879577927520548,0.0,0.0,0.0,69.83491366437993
17,2019-05-13 12:00:00,68.3989002855163,69.63679859841235,73.99129440819002,68.3989002855163,68.3989002855163,3.425532420841823,3.425532420841823,3.425532420841823,3.425532420841823,3.425532420841823,3.425532420841823,0.0,0.0,0.0,71.82443270635812
18,2019-05-13 13:00:00,68.15084469940476,71.16828938892394,75.61064206160157,68.15084469940476,68.15084469940476,5.151895336317798,5.151895336317798,5.151895336317798,5.151895336317798,5.151895336317798,5.151895336317798,0.0,0.0,0.0,73.30274003572255
19,2019-05-13 14:00:00,67.90278911339743,72.49794585976215,76.78044945705034,67.90278911339743,67.90278911339743,6.667885665412936,6.667885665412936,6.667885665412936,6.667885665412936,6.667885665412936,6.667885665412936,0.0,0.0,0.0,74.57067477881037
20,2019-05-13 15:00:00,67.65473352739012,73.54573651445908,77.84047753109935,67.65473352739012,67.65473352739012,8.088981522045737,8.088981522045737,8.088981522045737,8.088981522045737,8.088981522045737,8.088981522045737,0.0,0.0,0.0,75.74371504943586
21,2019-05-13 16:00:00,67.40667794138278,74.54079555747286,78.92637671817711,67.40667794138278,67.40667794138278,9.193196137901964,9.193196137901964,9.193196137901964,9.193196137901964,9.193196137901964,9.193196137901964,0.0,0.0,0.0,76.59987407928475
22,2019-05-13 17:00:00,67.15862235537547,74.54060605566944,78.98582407842561,67.15862235537547,67.15862235537547,9.588033708283302,9.588033708283302,9.588033708283302,9.588033708283302,9.588033708283302,9.588033708283302,0.0,0.0,0.0,76.74665606365878
23,2019-05-13 18:00:00,66.91056676936815,73.79186665496718,78.08447362643754,66.91056676936815,66.91056676936815,9.013803457315003,9.013803457315003,9.013803457315003,9.013803457315003,9.013803457315003,9.013803457315003,0.0,0.0,0.0,75.92437022668315
24,2019-05-13 19:00:00,66.66251118336083,71.93331728296853,76.43309376267932,66.66251118336083,66.66251118336083,7.51743795366311,7.51743795366311,7.51743795366311,7.51743795366311,7.51743795366311,7.51743795366311,0.0,0.0,0.0,74.17994913702394
25,2019-05-13 20:00:00,66.41445559735351,69.55820071292912,73.94887670413254,66.41445559735351,66.41445559735351,5.3907030576167845,5.3907030576167845,5.3907030576167845,5.3907030576167845,5.3907030576167845,5.3907030576167845,0.0,0.0,0.0,71.8051586549703
26,2019-05-13 21:00:00,66.16640001134618,67.00773060495877,71.43208473930542,66.16640001134618,66.16640001134618,2.9871531796590953,2.9871531796590953,2.9871531796590953,2.9871531796590953,2.9871531796590953,2.9871531796590953,0.0,0.0,0.0,69.15355319100527
27,2019-05-13 22:00:00,65.91834442533887,64.30151576986853,68.80199962461762,65.91834442533887,65.91834442533887,0.5986773595990537,0.5986773595990537,0.5986773595990537,0.5986773595990537,0.5986773595990537,0.5986773595990537,0.0,0.0,0.0,66.51702178493792
28,2019-05-13 23:00:00,65.6875376270463,61.95318023803675,66.36033901166249,65.6875376270463,65.6875376270463,-1.5503498531711304,-1.5503498531711304,-1.5503498531711304,-1.5503498531711304,-1.5503498531711304,-1.5503498531711304,0.0,0.0,0.0,64.13718777387517
29,2019-05-14 00:00:00,65.45673082875372,59.96999771839257,64.36177015842463,65.45673082875372,65.45673082875372,-3.2843533565992304,-3.2843533565992304,-3.2843533565992304,-3.2843533565992304,-3.2843533565992304,-3.2843533565992304,0.0,0.0,0.0,62.17237747215449
30,2019-05-14 01:00:00,65.22592403046114,58.687492552532674,62.8235298727362,65.22592403046114,65.22592403046114,-4.532119471062262,-4.532119471062262,-4.532119471062262,-4.532119471062262,-4.532119471062262,-4.532119471062262,0.0,0.0,0.0,60.693804559398885
31,2019-05-14 02:00:00,64.99511723216857,57.269641181035446,61.73109438050512,64.99511723216857,64.99511723216857,-5.417718583186256,-5.417718583186256,-5.417718583186256,-5.417718583186256,-5.417718583186256,-5.417718583186256,0.0,0.0,0.0,59.57739864898231
32,2019-05-14 03:00:00,64.76431043387599,56.38168613618686,60.67955018511876,64.76431043387599,64.76431043387599,-6.238396116845094,-6.238396116845094,-6.238396116845094,-6.238396116845094,-6.238396116845094,-6.238396116845094,0.0,0.0,0.0,58.525914317030896
33,2019-05-14 04:00:00,64.53350363558343,55.02097721099845,59.43337865474451,64.53350363558343,64.53350363558343,-7.250909766935688,-7.250909766935688,-7.250909766935688,-7.250909766935688,-7.250909766935688,-7.250909766935688,0.0,0.0,0.0,57.28259386864774
34,2019-05-14 05:00:00,64.30269683729084,53.6081517331715,58.12624342932625,64.30269683729084,64.30269683729084,-8.392343294692727,-8.392343294692727,-8.392343294692727,-8.392343294692727,-8.392343294692727,-8.392343294692727,0.0,0.0,0.0,55.91035354259811
35,2019-05-14 06:00:00,64.07189003899828,52.68392667543518,57.16318949877946,64.07189003899828,64.07189003899828,-9.19010164808743,-9.19010164808743,-9.19010164808743,-9.19010164808743,-9.19010164808743,-9.19010164808743,0.0,0.0,0.0,54.88178839091085
36,2019-05-14 07:00:00,63.8410832407057,52.589530522865815,56.894145146758476,63.8410832407057,63.8410832407057,-9.005631298424507,-9.005631298424507,-9.005631298424507,-9.005631298424507,-9.005631298424507,-9.005631298424507,0.0,0.0,0.0,54.835451942281196
37,2019-05-14 08:00:00,63.77402583141696,54.15958967969789,58.54563806550631,63.77402583141696,63.77402583141696,-7.4741684929354255,-7.4741684929354255,-7.4741684929354255,-7.4741684929354255,-7.4741684929354255,-7.4741684929354255,0.0,0.0,0.0,56.29985733848153
38,2019-05-14 09:00:00,63.70696842212822,56.64319214651226,61.0277355881327,63.70696842212822,63.70696842212822,-4.80261945848876,-4.80261945848876,-4.80261945848876,-4.80261945848876,-4.80261945848876,-4.80261945848876,0.0,0.0,0.0,58.904348963639464
39,2019-05-14 10:00:00,63.63991101283948,59.93876062729967,64.09426606735856,63.63991101283948,63.63991101283948,-1.6725462510869589,-1.6725462510869589,-1.6725462510869589,-1.6725462510869589,-1.6725462510869589,-1.6725462510869589,0.0,0.0,0.0,61.96736476175252
40,2019-05-14 11:00:00,63.57285360355074,62.58458317903262,66.92314397531865,63.57285360355074,63.57285360355074,1.1879577926515965,1.1879577926515965,1.1879577926515965,1.1879577926515965,1.1879577926515965,1.1879577926515965,0.0,0.0,0.0,64.76081139620234
41,2019-05-14 12:00:00,63.505796194262004,64.87499139536611,69.04322075564782,63.505796194262004,63.505796194262004,3.4255324209015714,3.4255324209015714,3.4255324209015714,3.4255324209015714,3.4255324209015714,3.4255324209015714,0.0,0.0,0.0,66.93132861516358
42,2019-05-14 13:00:00,63.43873878497326,66.36365652337027,70.76858580481353,63.43873878497326,63.43873878497326,5.151895336331707,5.151895336331707,5.151895336331707,5.151895336331707,5.151895336331707,5.151895336331707,0.0,0.0,0.0,68.59063412130497
43,2019-05-14 14:00:00,63.371681375684524,67.76594358666523,72.13161593018596,63.37168137568453,63.37168137568453,6.667885665324675,6.667885665324675,6.667885665324675,6.667885665324675,6.667885665324675,6.667885665324675,0.0,0.0,0.0,70.0395670410092
44,2019-05-14 15:00:00,63.30462396639578,69.04204677235603,73.43551972628856,63.30462396639578,63.30462396639578,8.088981522068702,8.088981522068702,8.088981522068702,8.088981522068702,8.088981522068702,8.088981522068702,0.0,0.0,0.0,71.39360548846449
45,2019-05-14 16:00:00,63.237566557107044,70.3615903276986,74.72547437528051,63.237566557107044,63.237566557107044,9.19319613792465,9.19319613792465,9.19319613792465,9.19319613792465,9.19319613792465,9.19319613792465,0.0,0.0,0.0,72.43076269503169
46,2019-05-14 17:00:00,63.27246214235936,70.92425196690459,75.21700857245209,63.27246214235936,63.27246214235936,9.588033708286051,9.588033708286051,9.588033708286051,9.588033708286051,9.588033708286051,9.588033708286051,0.0,0.0,0.0,72.8604958506454
47,2019-05-14 18:00:00,63.307357727611674,70.06203318438897,74.52791245461397,63.307357727611674,63.307357727611674,9.013803457356872,9.013803457356872,9.013803457356872,9.013803457356872,9.013803457356872,9.013803457356872,0.0,0.0,0.0,72.32116118496855
48,2019-05-14 19:00:00,63.34225331286399,68.8025331282888,73.04066373019647,63.34225331286399,63.34225331286399,7.517437953636068,7.517437953636068,7.517437953636068,7.517437953636068,7.517437953636068,7.517437953636068,0.0,0.0,0.0,70.85969126650005
49,2019-05-14 20:00:00,63.37714889811631,66.57723353568456,70.99987280707447,63.37714889811631,63.37714889811631,5.390703057670358,5.390703057670358,5.390703057670358,5.390703057670358,5.390703057670358,5.390703057670358,0.0,0.0,0.0,68.76785195578667
50,2019-05-14 21:00:00,63.412044483368625,64.20806080394534,68.70128004256789,63.412044483368625,63.412044483368625,2.987153179706707,2.987153179706707,2.987153179706707,2.987153179706707,2.987153179706707,2.987153179706707,0.0,0.0,0.0,66.39919766307533
51,2019-05-14 22:00:00,63.44694006862094,61.90585080844228,66.28384993539382,63.44694006862094,63.44694006862094,0.5986773596588536,0.5986773596588536,0.5986773596588536,0.5986773596588536,0.5986773596588536,0.5986773596588536,0.0,0.0,0.0,64.0456174282798
52,2019-05-14 23:00:00,63.481835653873254,59.71016426307484,63.93628197482617,63.48183565387326,63.48183565387326,-1.5503498532070865,-1.5503498532070865,-1.5503498532070865,-1.5503498532070865,-1.5503498532070865,-1.5503498532070865,0.0,0.0,0.0,61.93148580066617
53,2019-05-15 00:00:00,63.51673123912557,58.03837803305817,62.383853161642016,63.51673123912556,63.51673123912556,-3.284353356540923,-3.284353356540923,-3.284353356540923,-3.284353356540923,-3.284353356540923,-3.284353356540923,0.0,0.0,0.0,60.23237788258464
54,2019-05-15 01:00:00,63.55162682437789,56.85620984215901,61.25792508116847,63.55162682437789,63.55162682437789,-4.532119471022018,-4.532119471022018,-4.532119471022018,-4.532119471022018,-4.532119471022018,-4.532119471022018,0.0,0.0,0.0,59.01950735335588
55,2019-05-15 02:00:00,63.718785798410316,56.077633419970766,60.42336538366542,63.718785798410316,63.718785798410316,-5.417718583191751,-5.417718583191751,-5.417718583191751,-5.417718583191751,-5.417718583191751,-5.417718583191751,0.0,0.0,0.0,58.301067215218566
56,2019-05-15 03:00:00,63.885944772442755,55.580418764130904,59.91438673939825,63.885944772442755,63.885944772442755,-6.238396116860974,-6.238396116860974,-6.238396116860974,-6.238396116860974,-6.238396116860974,-6.238396116860974,0.0,0.0,0.0,57.64754865558178
57,2019-05-15 04:00:00,64.05310374647519,54.7090594294032,58.871983834246166,64.05310374647519,64.05310374647519,-7.250909766928988,-7.250909766928988,-7.250909766928988,-7.250909766928988,-7.250909766928988,-7.250909766928988,0.0,0.0,0.0,56.8021939795462
58,2019-05-15 05:00:00,64.22026272050762,53.504753820864515,57.92119308483369,64.22026272050762,64.22026272050762,-8.392343294722355,-8.392343294722355,-8.392343294722355,-8.392343294722355,-8.392343294722355,-8.392343294722355,0.0,0.0,0.0,55.82791942578527
59,2019-05-15 06:00:00,64.38742169454007,53.101181919511674,57.21161980452316,64.38742169454007,64.38742169454007,-9.190101648071304,-9.190101648071304,-9.190101648071304,-9.190101648071304,-9.190101648071304,-9.190101648071304,0.0,0.0,0.0,55.19732004646876
60,2019-05-15 07:00:00,64.55458066857248,53.26163549052552,57.714277220492136,64.55458066857248,64.55458066857248,-9.005631298414393,-9.005631298414393,-9.005631298414393,-9.005631298414393,-9.005631298414393,-9.005631298414393,0.0,0.0,0.0,55.54894937015809
61,2019-05-15 08:00:00,64.72173964260492,55.16164804838155,59.38189172458625,64.72173964260492,64.72173964260492,-7.4741684929275225,-7.4741684929275225,-7.4741684929275225,-7.4741684929275225,-7.4741684929275225,-7.4741684929275225,0.0,0.0,0.0,57.24757114967739
62,2019-05-15 09:00:00,64.88889861663735,57.89017791279834,62.32279018154191,64.88889861663735,64.88889861663735,-4.802619458474821,-4.802619458474821,-4.802619458474821,-4.802619458474821,-4.802619458474821,-4.802619458474821,0.0,0.0,0.0,60.086279158162526
63,2019-05-15 10:00:00,65.0560575906698,61.13125330874206,65.50550706132101,65.0560575906698,65.0560575906698,-1.6725462510285394,-1.6725462510285394,-1.6725462510285394,-1.6725462510285394,-1.6725462510285394,-1.6725462510285394,0.0,0.0,0.0,63.38351133964125
64,2019-05-15 11:00:00,65.35587955981224,64.49883532079208,68.60697307448746,65.35587955981224,65.35587955981224,1.1879577926924831,1.1879577926924831,1.1879577926924831,1.1879577926924831,1.1879577926924831,1.1879577926924831,0.0,0.0,0.0,66.54383735250472
65,2019-05-15 12:00:00,65.65570152895468,66.88013872309244,71.2984780372316,65.65570152895468,65.65570152895468,3.4255324209239975,3.4255324209239975,3.4255324209239975,3.4255324209239975,3.4255324209239975,3.4255324209239975,0.0,0.0,0.0,69.08123394987868
66,2019-05-15 13:00:00,65.95552349809714,68.98712750719352,73.38638071189442,65.95552349809714,65.95552349809714,5.151895336345615,5.151895336345615,5.151895336345615,5.151895336345615,5.151895336345615,5.151895336345615,0.0,0.0,0.0,71.10741883444275
67,2019-05-15 14:00:00,66.25534546723958,70.75171829390084,75.01781938112205,66.25534546723958,66.25534546723958,6.667885665371721,6.667885665371721,6.667885665371721,6.667885665371721,6.667885665371721,6.667885665371721,0.0,0.0,0.0,72.9232311326113
68,2019-05-15 15:00:00,66.55516743638202,72.69706550981445,76.77430078330012,66.55516743638202,66.55516743638202,8.088981522086751,8.088981522086751,8.088981522086751,8.088981522086751,8.088981522086751,8.088981522086751,0.0,0.0,0.0,74.64414895846878
69,2019-05-15 16:00:00,66.85498940552448,73.9229530915532,78.19047246846637,66.85498940552448,66.85498940552448,9.193196137910016,9.193196137910016,9.193196137910016,9.193196137910016,9.193196137910016,9.193196137910016,0.0,0.0,0.0,76.0481855434345
70,2019-05-15 17:00:00,67.15481137466692,74.66961663024361,78.94186049696589,67.15481137466692,67.15481137466692,9.588033708296864,9.588033708296864,9.588033708296864,9.588033708296864,9.588033708296864,9.588033708296864,0.0,0.0,0.0,76.74284508296378
71,2019-05-15 18:00:00,67.45463334380936,74.22729971234044,78.54155687772791,67.45463334380936,67.45463334380936,9.01380345734691,9.01380345734691,9.01380345734691,9.01380345734691,9.01380345734691,9.01380345734691,0.0,0.0,0.0,76.46843680115627
72,2019-05-15 19:00:00,67.75445531295182,73.0467778528466,77.74805714271133,67.75445531295182,67.75445531295182,7.5174379536041105,7.5174379536041105,7.5174379536041105,7.5174379536041105,7.5174379536041105,7.5174379536041105,0.0,0.0,0.0,75.27189326655594
73,2019-05-15 20:00:00,68.05647039421241,71.32434432255872,75.66860818521612,68.05647039421241,68.05647039421241,5.390703057660242,5.390703057660242,5.390703057660242,5.390703057660242,5.390703057660242,5.390703057660242,0.0,0.0,0.0,73.44717345187266
74,2019-05-15 21:00:00,68.35848547547299,69.23106052770764,73.46395016785924,68.35848547547299,68.35848547547299,2.987153179702578,2.987153179702578,2.987153179702578,2.987153179702578,2.987153179702578,2.987153179702578,0.0,0.0,0.0,71.34563865517556
75,2019-05-15 22:00:00,68.66050055673358,67.14363596253992,71.44146773155504,68.66050055673358,68.66050055673358,0.5986773596438292,0.5986773596438292,0.5986773596438292,0.5986773596438292,0.5986773596438292,0.5986773596438292,0.0,0.0,0.0,69.25917791637741
76,2019-05-15 23:00:00,68.96251563799417,65.08264430194363,69.48743993235624,68.96251563799417,68.96251563799417,-1.5503498531251965,-1.5503498531251965,-1.5503498531251965,-1.5503498531251965,-1.5503498531251965,-1.5503498531251965,0.0,0.0,0.0,67.41216578486898
77,2019-05-16 00:00:00,69.26453071925475,63.79389067291443,68.2056698154269,69.26453071925475,69.26453071925475,-3.284353356556036,-3.284353356556036,-3.284353356556036,-3.284353356556036,-3.284353356556036,-3.284353356556036,0.0,0.0,0.0,65.98017736269871
78,2019-05-16 01:00:00,69.56654580051534,62.91933011171757,67.29749960948558,69.56654580051534,69.56654580051534,-4.532119471026923,-4.532119471026923,-4.532119471026923,-4.532119471026923,-4.532119471026923,-4.532119471026923,0.0,0.0,0.0,65.03442632948843
79,2019-05-16 02:00:00,69.86856088177593,62.080327857687266,66.64963950430825,69.86856088177593,69.86856088177593,-5.417718583130163,-5.417718583130163,-5.417718583130163,-5.417718583130163,-5.417718583130163,-5.417718583130163,0.0,0.0,0.0,64.45084229864577
80,2019-05-16 03:00:00,70.17057596303653,61.78699498837046,66.07671324479197,70.17057596303653,70.17057596303653,-6.238396116826023,-6.238396116826023,-6.238396116826023,-6.238396116826023,-6.238396116826023,-6.238396116826023,0.0,0.0,0.0,63.9321798462105
81,2019-05-16 04:00:00,70.4725910442971,60.99698111975305,65.37952724682465,70.4725910442971,70.4725910442971,-7.250909766919452,-7.250909766919452,-7.250909766919452,-7.250909766919452,-7.250909766919452,-7.250909766919452,0.0,0.0,0.0,63.221681277377655
82,2019-05-16 05:00:00,70.77460614094473,60.22828428923735,64.479654569895,70.77460614094473,70.77460614094473,-8.392343294680227,-8.392343294680227,-8.392343294680227,-8.392343294680227,-8.392343294680227,-8.392343294680227,0.0,0.0,0.0,62.382262846264496
83,2019-05-16 06:00:00,71.07662123759235,59.84554837665706,63.9683650256483,71.07662123759235,71.07662123759235,-9.190101648085806,-9.190101648085806,-9.190101648085806,-9.190101648085806,-9.190101648085806,-9.190101648085806,0.0,0.0,0.0,61.88651958950654
84,2019-05-16 07:00:00,71.37863633423999,60.15044154685156,64.57733788428989,71.37863633423999,71.37863633423999,-9.0056312984424,-9.0056312984424,-9.0056312984424,-9.0056312984424,-9.0056312984424,-9.0056312984424,0.0,0.0,0.0,62.37300503579758
85,2019-05-16 08:00:00,71.68065143088761,62.05081998680676,66.3368040848384,71.68065143088761,71.68065143088761,-7.474168492882297,-7.474168492882297,-7.474168492882297,-7.474168492882297,-7.474168492882297,-7.474168492882297,0.0,0.0,0.0,64.20648293800531
86,2019-05-16 09:00:00,71.98266652753523,64.88154517233573,69.47656392529359,71.98266652753523,71.98266652753523,-4.802619458545836,-4.802619458545836,-4.802619458545836,-4.802619458545836,-4.802619458545836,-4.802619458545836,0.0,0.0,0.0,67.1800470689894
87,2019-05-16 10:00:00,72.28468162418285,68.43002438990594,72.89060345775168,72.28468162418285,72.28468162418285,-1.6725462511497755,-1.6725462511497755,-1.6725462511497755,-1.6725462511497755,-1.6725462511497755,-1.6725462511497755,0.0,0.0,0.0,70.61213537303307
88,2019-05-16 11:00:00,72.58669672083047,71.47413923643725,75.96402087629974,72.58669672083047,72.58669672083047,1.187957792738284,1.187957792738284,1.187957792738284,1.187957792738284,1.187957792738284,1.187957792738284,0.0,0.0,0.0,73.77465451356876
89,2019-05-16 12:00:00,72.8887118174781,74.15275513917383,78.28961941568254,72.8887118174781,72.8887118174781,3.425532420983745,3.425532420983745,3.425532420983745,3.425532420983745,3.425532420983745,3.425532420983745,0.0,0.0,0.0,76.31424423846184
90,2019-05-16 13:00:00,73.19072691412573,76.26596441797805,80.3506367365465,73.19072691412573,73.19072691412573,5.1518953362838955,5.1518953362838955,5.1518953362838955,5.1518953362838955,5.1518953362838955,5.1518953362838955,0.0,0.0,0.0,78.34262225040963
91,2019-05-16 14:00:00,73.49274183470887,77.96036909332346,82.37480023962209,73.49274183470887,73.49274183470887,6.667885665388402,6.667885665388402,6.667885665388402,6.667885665388402,6.667885665388402,6.667885665388402,0.0,0.0,0.0,80.16062750009726
92,2019-05-16 15:00:00,73.79475675529201,79.8319018335109,84.14656897488413,73.79475675529201,73.79475675529201,8.088981522109714,8.088981522109714,8.088981522109714,8.088981522109714,8.088981522109714,8.088981522109714,0.0,0.0,0.0,81.88373827740173
93,2019-05-16 16:00:00,74.09677167587516,81.05960002532578,85.46024229397788,74.09677167587516,74.09677167587516,9.193196137915479,9.193196137915479,9.193196137915479,9.193196137915479,9.193196137915479,9.193196137915479,0.0,0.0,0.0,83.28996781379064
94,2019-05-16 17:00:00,74.3987865964583,81.70928277608529,86.08089005166453,74.3987865964583,74.3987865964583,9.588033708259813,9.588033708259813,9.588033708259813,9.588033708259813,9.588033708259813,9.588033708259813,0.0,0.0,0.0,83.98682030471811
95,2019-05-16 18:00:00,74.70080151704144,81.50080003103479,85.84966092077684,74.70080151704144,74.70080151704144,9.01380345730658,9.01380345730658,9.01380345730658,9.01380345730658,9.01380345730658,9.01380345730658,0.0,0.0,0.0,83.71460497434802
96,2019-05-16 19:00:00,75.00281643762459,80.40190187672376,84.63784177005704,75.00281643762459,75.00281643762459,7.517437953577067,7.517437953577067,7.517437953577067,7.517437953577067,7.517437953577067,7.517437953577067,0.0,0.0,0.0,82.52025439120166
97,2019-05-16 20:00:00,75.30483135820772,78.54998779253187,82.8397512197059,75.30483135820772,75.30483135820772,5.390703057612806,5.390703057612806,5.390703057612806,5.390703057612806,5.390703057612806,5.390703057612806,0.0,0.0,0.0,80.69553441582053
98,2019-05-16 21:00:00,75.60684627879085,76.37023363107589,80.79672314114231,75.60684627879085,75.60684627879085,2.9871531796505857,2.9871531796505857,2.9871531796505857,2.9871531796505857,2.9871531796505857,2.9871531796505857,0.0,0.0,0.0,78.59399945844144
99,2019-05-16 22:00:00,75.908861199374,74.37721528187853,78.78714360785763,75.908861199374,75.908861199374,0.5986773595984339,0.5986773595984339,0.5986773595984339,0.5986773595984339,0.5986773595984339,0.5986773595984339,0.0,0.0,0.0,76.50753855897244
100,2019-05-16 23:00:00,76.10022232514633,72.28092820212267,76.61093540270718,76.10022232514633,76.10022232514633,-1.5503498531611526,-1.5503498531611526,-1.5503498531611526,-1.5503498531611526,-1.5503498531611526,-1.5503498531611526,0.0,0.0,0.0,74.54987247198518
101,2019-05-17 00:00:00,76.29158345091865,70.74980939320136,75.1628512196854,76.29158345091865,76.29158345091865,-3.284353356608473,-3.284353356608473,-3.284353356608473,-3.284353356608473,-3.284353356608473,-3.284353356608473,0.0,0.0,0.0,73.00723009431017
102,2019-05-17 01:00:00,76.48294457669097,69.77343260286649,74.04001646188166,76.48294457669098,76.48294457669098,-4.532119471079695,-4.532119471079695,-4.532119471079695,-4.532119471079695,-4.532119471079695,-4.532119471079695,0.0,0.0,0.0,71.95082510561127
103,2019-05-17 02:00:00,76.67430570246329,69.07241075692417,73.3429231538096,76.67430570246329,76.67430570246329,-5.417718583166027,-5.417718583166027,-5.417718583166027,-5.417718583166027,-5.417718583166027,-5.417718583166027,0.0,0.0,0.0,71.25658711929727
104,2019-05-17 03:00:00,76.8656668282356,68.55558713887567,72.77656825974066,76.86566682823562,76.86566682823562,-6.238396116841903,-6.238396116841903,-6.238396116841903,-6.238396116841903,-6.238396116841903,-6.238396116841903,0.0,0.0,0.0,70.6272707113937
105,2019-05-17 04:00:00,77.05702795400794,67.53233615510125,71.8626360824558,77.05702795400794,77.05702795400794,-7.250909766947238,-7.250909766947238,-7.250909766947238,-7.250909766947238,-7.250909766947238,-7.250909766947238,0.0,0.0,0.0,69.80611818706069
106,2019-05-17 05:00:00,77.24838907978025,66.78852772391184,71.09877204739391,77.24838907978025,77.24838907978025,-8.392343294709857,-8.392343294709857,-8.392343294709857,-8.392343294709857,-8.392343294709857,-8.392343294709857,0.0,0.0,0.0,68.85604578507039
107,2019-05-17 06:00:00,77.43975020555257,66.0231846922373,70.58545261361955,77.43975020555257,77.43975020555257,-9.190101648100052,-9.190101648100052,-9.190101648100052,-9.190101648100052,-9.190101648100052,-9.190101648100052,0.0,0.0,0.0,68.24964855745252
108,2019-05-17 07:00:00,77.6311113313249,66.55551898506323,70.76981403474694,77.6311113313249,77.6311113313249,-9.005631298432284,-9.005631298432284,-9.005631298432284,-9.005631298432284,-9.005631298432284,-9.005631298432284,0.0,0.0,0.0,68.62548003289263
109,2019-05-17 08:00:00,77.70633115642472,68.09156245774673,72.33916015959224,77.70633115642472,77.70633115642472,-7.474168492967918,-7.474168492967918,-7.474168492967918,-7.474168492967918,-7.474168492967918,-7.474168492967918,0.0,0.0,0.0,70.2321626634568
110,2019-05-17 09:00:00,77.78155098152457,70.77492279934445,75.26268650495075,77.78155098152457,77.78155098152457,-4.802619458531898,-4.802619458531898,-4.802619458531898,-4.802619458531898,-4.802619458531898,-4.802619458531898,0.0,0.0,0.0,72.97893152299268
111,2019-05-17 10:00:00,77.8567708066244,73.9418005251233,78.33998469102059,77.8567708066244,77.8567708066244,-1.6725462510913567,-1.6725462510913567,-1.6725462510913567,-1.6725462510913567,-1.6725462510913567,-1.6725462510913567,0.0,0.0,0.0,76.18422455553304
112,2019-05-17 11:00:00,77.93199063172425,76.92716879279523,81.24795135459689,77.93199063172425,77.93199063172425,1.1879577926329108,1.1879577926329108,1.1879577926329108,1.1879577926329108,1.1879577926329108,1.1879577926329108,0.0,0.0,0.0,79.11994842435716
113,2019-05-17 12:00:00,78.00721045682407,79.25874633268774,83.61633945489436,78.00721045682407,78.00721045682407,3.4255324208706734,3.4255324208706734,3.4255324208706734,3.4255324208706734,3.4255324208706734,3.4255324208706734,0.0,0.0,0.0,81.43274287769474
114,2019-05-17 13:00:00,78.0824302819239,81.06547445466111,85.37600054224517,78.0824302819239,78.0824302819239,5.1518953362978035,5.1518953362978035,5.1518953362978035,5.1518953362978035,5.1518953362978035,5.1518953362978035,0.0,0.0,0.0,83.2343256182217
115,2019-05-17 14:00:00,78.15765010702376,82.78987887148257,87.06278203601961,78.15765010702376,78.15765010702376,6.667885665330509,6.667885665330509,6.667885665330509,6.667885665330509,6.667885665330509,6.667885665330509,0.0,0.0,0.0,84.82553577235427
116,2019-05-17 15:00:00,78.23286993212359,84.07252916073911,88.43548915367323,78.23286993212359,78.23286993212359,8.08898152205787,8.08898152205787,8.08898152205787,8.08898152205787,8.08898152205787,8.08898152205787,0.0,0.0,0.0,86.32185145418146
117,2019-05-17 16:00:00,78.30808975722343,85.45173030695699,89.73371644238806,78.30808975722343,78.30808975722343,9.193196137900843,9.193196137900843,9.193196137900843,9.193196137900843,9.193196137900843,9.193196137900843,0.0,0.0,0.0,87.50128589512427
118,2019-05-17 17:00:00,78.31390915663164,85.7931358757891,90.12417091543487,78.31390915663164,78.31390915663164,9.588033708270626,9.588033708270626,9.588033708270626,9.588033708270626,9.588033708270626,9.588033708270626,0.0,0.0,0.0,87.90194286490227
119,2019-05-17 18:00:00,78.31972855603985,85.14698928394387,89.48957898247184,78.31972855603985,78.31972855603985,9.01380345737882,9.01380345737882,9.01380345737882,9.01380345737882,9.01380345737882,9.01380345737882,0.0,0.0,0.0,87.33353201341868
120,2019-05-17 19:00:00,78.32554795544806,83.60090087817503,87.9341061671104,78.32554795544806,78.32554795544806,7.517437953645448,7.517437953645448,7.517437953645448,7.517437953645448,7.517437953645448,7.517437953645448,0.0,0.0,0.0,85.8429859090935
121,2019-05-17 20:00:00,78.33136735485627,81.62833994361591,85.91661301226067,78.33136735485627,78.33136735485627,5.3907030576026935,5.3907030576026935,5.3907030576026935,5.3907030576026935,5.3907030576026935,5.3907030576026935,0.0,0.0,0.0,83.72207041245896
122,2019-05-17 21:00:00,78.33718675426448,79.12665382704702,83.540753244295,78.33718675426448,78.33718675426448,2.9871531797460626,2.9871531797460626,2.9871531797460626,2.9871531797460626,2.9871531797460626,2.9871531797460626,0.0,0.0,0.0,81.32433993401054
123,2019-05-17 22:00:00,78.34300615367269,76.83082793960334,81.07937855206897,78.34300615367269,78.34300615367269,0.5986773596886052,0.5986773596886052,0.5986773596886052,0.5986773596886052,0.5986773596886052,0.5986773596886052,0.0,0.0,0.0,78.9416835133613
124,2019-05-17 23:00:00,78.3488255530809,74.57746459188316,79.00357264498378,78.3488255530809,78.3488255530809,-1.5503498531921949,-1.5503498531921949,-1.5503498531921949,-1.5503498531921949,-1.5503498531921949,-1.5503498531921949,0.0,0.0,0.0,76.79847569988871
125,2019-05-18 00:00:00,78.35464495248911,72.94389446137849,77.08549470993762,78.35464495248911,78.35464495248911,-3.284353356623587,-3.284353356623587,-3.284353356623587,-3.284353356623587,-3.284353356623587,-3.284353356623587,0.0,0.0,0.0,75.07029159586553
126,2019-05-18 01:00:00,78.36046435189732,71.75677100891104,76.01800346754645,78.36046435189732,78.36046435189732,-4.532119470991583,-4.532119470991583,-4.532119470991583,-4.532119470991583,-4.532119470991583,-4.532119470991583,0.0,0.0,0.0,73.82834488090573
127,2019-05-18 02:00:00,78.36628366633349,70.95800653969158,75.04135921039303,78.36628366633349,78.36628366633349,-5.4177185831715216,-5.4177185831715216,-5.4177185831715216,-5.4177185831715216,-5.4177185831715216,-5.4177185831715216,0.0,0.0,0.0,72.94856508316197
128,2019-05-18 03:00:00,78.37210298076964,69.85340731116906,74.28846156570772,78.37210298076964,78.37210298076964,-6.238396116852871,-6.238396116852871,-6.238396116852871,-6.238396116852871,-6.238396116852871,-6.238396116852871,0.0,0.0,0.0,72.13370686391677
129,2019-05-18 04:00:00,78.3779222952058,68.8936779092377,73.25682241094792,78.3779222952058,78.3779222952058,-7.250909766937704,-7.250909766937704,-7.250909766937704,-7.250909766937704,-7.250909766937704,-7.250909766937704,0.0,0.0,0.0,71.1270125282681
130,2019-05-18 05:00:00,78.38374160964196,67.94798402176096,72.21201147952621,78.38374160964196,78.38374160964196,-8.392343294691617,-8.392343294691617,-8.392343294691617,-8.392343294691617,-8.392343294691617,-8.392343294691617,0.0,0.0,0.0,69.99139831495035
131,2019-05-18 06:00:00,78.38956092407813,66.93969901753661,71.33166464407019,78.38956092407813,78.38956092407813,-9.190101648083926,-9.190101648083926,-9.190101648083926,-9.190101648083926,-9.190101648083926,-9.190101648083926,0.0,0.0,0.0,69.1994592759942
132,2019-05-18 07:00:00,78.39538023851428,67.35138980241939,71.5143685224898,78.39538023851428,78.39538023851428,-9.005631298417253,-9.005631298417253,-9.005631298417253,-9.005631298417253,-9.005631298417253,-9.005631298417253,0.0,0.0,0.0,69.38974894009702
133,2019-05-18 08:00:00,78.40119955295044,68.83467893383643,73.10359423479613,78.40119955295044,78.40119955295044,-7.474168492922693,-7.474168492922693,-7.474168492922693,-7.474168492922693,-7.474168492922693,-7.474168492922693,0.0,0.0,0.0,70.92703106002776
134,2019-05-18 09:00:00,78.4070188673866,71.38242074209785,75.8324741894981,78.4070188673866,78.4070188673866,-4.802619458470092,-4.802619458470092,-4.802619458470092,-4.802619458470092,-4.802619458470092,-4.802619458470092,0.0,0.0,0.0,73.6043994089165
135,2019-05-18 10:00:00,78.41283818182275,74.72806375110979,79.02172535743087,78.41283818182275,78.41283818182275,-1.6725462510329376,-1.6725462510329376,-1.6725462510329376,-1.6725462510329376,-1.6725462510329376,-1.6725462510329376,0.0,0.0,0.0,76.74029193078981
136,2019-05-18 11:00:00,78.41863627436938,77.3978300819152,81.88030085073876,78.41863627436938,78.41863627436938,1.1879577926787124,1.1879577926787124,1.1879577926787124,1.1879577926787124,1.1879577926787124,1.1879577926787124,0.0,0.0,0.0,79.60659406704809
137,2019-05-18 12:00:00,78.424434366916,79.64038692671413,83.92831537633562,78.424434366916,78.424434366916,3.425532420930422,3.425532420930422,3.425532420930422,3.425532420930422,3.425532420930422,3.425532420930422,0.0,0.0,0.0,81.84996678784643
138,2019-05-18 13:00:00,78.43023245946263,81.34397391129073,85.94486164254218,78.43023245946263,78.43023245946263,5.151895336359578,5.151895336359578,5.151895336359578,5.151895336359578,5.151895336359578,5.151895336359578,0.0,0.0,0.0,83.5821277958222
139,2019-05-18 14:00:00,78.43603055200924,83.0173279370096,87.15739117221757,78.43603055200924,78.43603055200924,6.667885665347187,6.667885665347187,6.667885665347187,6.667885665347187,6.667885665347187,6.667885665347187,0.0,0.0,0.0,85.10391621735643
140,2019-05-18 15:00:00,78.44182864455587,84.36728825160934,88.78544859944523,78.44182864455587,78.44182864455587,8.088981522080834,8.088981522080834,8.088981522080834,8.088981522080834,8.088981522080834,8.088981522080834,0.0,0.0,0.0,86.5308101666367
141,2019-05-18 16:00:00,78.4476267371025,85.51729097075388,89.87367823937748,78.4476267371025,78.4476267371025,9.193196137923533,9.193196137923533,9.193196137923533,9.193196137923533,9.193196137923533,9.193196137923533,0.0,0.0,0.0,87.64082287502603
142,2019-05-18 17:00:00,78.45342482964911,85.57581514987754,90.15156730695628,78.45342482964911,78.45342482964911,9.588033708273375,9.588033708273375,9.588033708273375,9.588033708273375,9.588033708273375,9.588033708273375,0.0,0.0,0.0,88.04145853792248
143,2019-05-18 18:00:00,78.45922292219574,85.29687936234302,89.7018511984765,78.45922292219574,78.45922292219574,9.013803457338488,9.013803457338488,9.013803457338488,9.013803457338488,9.013803457338488,9.013803457338488,0.0,0.0,0.0,87.47302637953422
144,2019-05-18 19:00:00,78.46502101474236,83.83411384731056,88.0744142663331,78.46502101474236,78.46502101474236,7.5174379536184075,7.5174379536184075,7.5174379536184075,7.5174379536184075,7.5174379536184075,7.5174379536184075,0.0,0.0,0.0,85.98245896836077
145,2019-05-18 20:00:00,78.47081891043092,81.58446467224877,86.01584701505166,78.47081891043092,78.47081891043092,5.390703057656266,5.390703057656266,5.390703057656266,5.390703057656266,5.390703057656266,5.390703057656266,0.0,0.0,0.0,83.86152196808719
146,2019-05-18 21:00:00,78.47661680611948,79.45784852438786,83.61375331630256,78.47661680611948,78.47661680611948,2.9871531796940682,2.9871531796940682,2.9871531796940682,2.9871531796940682,2.9871531796940682,2.9871531796940682,0.0,0.0,0.0,81.46376998581354
147,2019-05-18 22:00:00,78.48241470180805,76.87825494992362,81.30537673947842,78.48241470180805,78.48241470180805,0.5986773596432097,0.5986773596432097,0.5986773596432097,0.5986773596432097,0.5986773596432097,0.5986773596432097,0.0,0.0,0.0,79.08109206145126
148,2019-05-18 23:00:00,78.48821259749661,74.71213488248512,79.09085353848934,78.48821259749661,78.48821259749661,-1.5503498531103048,-1.5503498531103048,-1.5503498531103048,-1.5503498531103048,-1.5503498531103048,-1.5503498531103048,0.0,0.0,0.0,76.93786274438631
149,2019-05-19 00:00:00,78.49401049318517,73.00438117283062,77.20622690895826,78.49401049318517,78.49401049318517,-3.284353356565278,-3.284353356565278,-3.284353356565278,-3.284353356565278,-3.284353356565278,-3.284353356565278,0.0,0.0,0.0,75.2096571366199
150,2019-05-19 01:00:00,78.49980838887373,71.91668620503488,76.12816555453398,78.49980838887373,78.49980838887373,-4.532119471044354,-4.532119471044354,-4.532119471044354,-4.532119471044354,-4.532119471044354,-4.532119471044354,0.0,0.0,0.0,73.96768891782938
151,2019-05-19 02:00:00,78.50560628456229,70.93461729699285,75.33585956883773,78.50560628456229,78.50560628456229,-5.417718583140304,-5.417718583140304,-5.417718583140304,-5.417718583140304,-5.417718583140304,-5.417718583140304,0.0,0.0,0.0,73.08788770142199
152,2019-05-19 03:00:00,78.51140418025086,70.03386774648608,74.38159875112068,78.51140418025086,78.51140418025086,-6.238396116822837,-6.238396116822837,-6.238396116822837,-6.238396116822837,-6.238396116822837,-6.238396116822837,0.0,0.0,0.0,72.27300806342802
153,2019-05-19 04:00:00,78.51720207593942,69.1035513237384,73.35265790251786,78.51720207593942,78.51720207593942,-7.2509097669310005,-7.2509097669310005,-7.2509097669310005,-7.2509097669310005,-7.2509097669310005,-7.2509097669310005,0.0,0.0,0.0,71.26629230900842
154,2019-05-19 05:00:00,78.52299971949633,68.03734832271955,72.12430945533224,78.52299971949633,78.52299971949633,-8.392343294721247,-8.392343294721247,-8.392343294721247,-8.392343294721247,-8.392343294721247,-8.392343294721247,0.0,0.0,0.0,70.13065642477508
155,2019-05-19 06:00:00,78.52879736305322,67.09278780565437,71.67942187763664,78.52879736305322,78.52879736305322,-9.190101648098429,-9.190101648098429,-9.190101648098429,-9.190101648098429,-9.190101648098429,-9.190101648098429,0.0,0.0,0.0,69.33869571495478
156,2019-05-19 07:00:00,78.5345950066101,67.42321774437835,71.88219947113993,78.5345950066101,78.5345950066101,-9.005631298445259,-9.005631298445259,-9.005631298445259,-9.005631298445259,-9.005631298445259,-9.005631298445259,0.0,0.0,0.0,69.52896370816484
157,2019-05-19 08:00:00,78.540392650167,68.85076809180454,73.30376927118698,78.540392650167,78.540392650167,-7.474168492914788,-7.474168492914788,-7.474168492914788,-7.474168492914788,-7.474168492914788,-7.474168492914788,0.0,0.0,0.0,71.06622415725222
158,2019-05-19 09:00:00,78.5461902937239,71.56976559791845,76.02243373224071,78.5461902937239,78.5461902937239,-4.802619458456153,-4.802619458456153,-4.802619458456153,-4.802619458456153,-4.802619458456153,-4.802619458456153,0.0,0.0,0.0,73.74357083526775
159,2019-05-19 10:00:00,78.5519879372808,74.85187453354594,79.07256917957552,78.5519879372808,78.5519879372808,-1.6725462511541738,-1.6725462511541738,-1.6725462511541738,-1.6725462511541738,-1.6725462511541738,-1.6725462511541738,0.0,0.0,0.0,76.87944168612663
160,2019-05-19 11:00:00,78.5577855808377,77.66486514984719,81.85013788230452,78.5577855808377,78.5577855808377,1.187957792719599,1.187957792719599,1.187957792719599,1.187957792719599,1.187957792719599,1.187957792719599,0.0,0.0,0.0,79.7457433735573
161,2019-05-19 12:00:00,78.5635832243946,79.66751966828562,84.06299686953315,78.5635832243946,78.5635832243946,3.4255324209528473,3.4255324209528473,3.4255324209528473,3.4255324209528473,3.4255324209528473,3.4255324209528473,0.0,0.0,0.0,81.98911564534745
162,2019-05-19 13:00:00,78.5693808679515,81.60422098742866,85.82515763928019,78.5693808679515,78.5693808679515,5.151895336373486,5.151895336373486,5.151895336373486,5.151895336373486,5.151895336373486,5.151895336373486,0.0,0.0,0.0,83.72127620432498
163,2019-05-19 14:00:00,78.5651353243782,82.97411885040903,87.31312047285823,78.5651353243782,78.5651353243782,6.667885665394233,6.667885665394233,6.667885665394233,6.667885665394233,6.667885665394233,6.667885665394233,0.0,0.0,0.0,85.23302098977244
164,2019-05-19 15:00:00,78.56088978080491,84.5483747944716,88.83089148813558,78.56088978080491,78.56088978080491,8.088981522098882,8.088981522098882,8.088981522098882,8.088981522098882,8.088981522098882,8.088981522098882,0.0,0.0,0.0,86.64987130290379
165,2019-05-19 16:00:00,78.55664423723162,85.52492361713179,89.9006683046012,78.55664423723162,78.55664423723162,9.193196137908895,9.193196137908895,9.193196137908895,9.193196137908895,9.193196137908895,9.193196137908895,0.0,0.0,0.0,87.74984037514052
166,2019-05-19 17:00:00,78.55239869365835,85.94099489429922,90.28102736482022,78.55239869365835,78.55239869365835,9.58803370828419,9.58803370828419,9.58803370828419,9.58803370828419,9.58803370828419,9.58803370828419,0.0,0.0,0.0,88.14043240194253
167,2019-05-19 18:00:00,78.54815315008506,85.47039977478187,89.82101238310267,78.54815315008506,78.54815315008506,9.013803457328528,9.013803457328528,9.013803457328528,9.013803457328528,9.013803457328528,9.013803457328528,0.0,0.0,0.0,87.56195660741358
168,2019-05-19 19:00:00,78.54390760651177,83.84875837244806,88.26219865035566,78.54390760651177,78.54390760651177,7.517437953586449,7.517437953586449,7.517437953586449,7.517437953586449,7.517437953586449,7.517437953586449,0.0,0.0,0.0,86.06134556009822
169,2019-05-19 20:00:00,78.53966206293848,81.84647550186791,85.9489001042371,78.53966206293848,78.53966206293848,5.39070305760883,5.39070305760883,5.39070305760883,5.39070305760883,5.39070305760883,5.39070305760883,0.0,0.0,0.0,83.93036512054731
170,2019-05-19 21:00:00,78.5354165193652,79.40017028124883,83.73532806258802,78.5354165193652,78.5354165193652,2.9871531796899413,2.9871531796899413,2.9871531796899413,2.9871531796899413,2.9871531796899413,2.9871531796899413,0.0,0.0,0.0,81.52256969905514
171,2019-05-19 22:00:00,78.53117097579191,76.98197452390963,81.43513337099887,78.53117097579191,78.53117097579191,0.598677359628186,0.598677359628186,0.598677359628186,0.598677359628186,0.598677359628186,0.598677359628186,0.0,0.0,0.0,79.12984833542009
172,2019-05-19 23:00:00,78.52692542268912,74.73090625286338,79.05250939195003,78.52692542268912,78.52692542268912,-1.5503498531462614,-1.5503498531462614,-1.5503498531462614,-1.5503498531462614,-1.5503498531462614,-1.5503498531462614,0.0,0.0,0.0,76.97657556954286
173,2019-05-20 00:00:00,78.52267986958634,73.02363998523226,77.43286934460785,78.52267986958634,78.52267986958634,-3.284353356580392,-3.284353356580392,-3.284353356580392,-3.284353356580392,-3.284353356580392,-3.284353356580392,0.0,0.0,0.0,75.23832651300594
174,2019-05-20 01:00:00,78.51843431648355,71.9456594343673,76.142426481296,78.51843431648355,78.51843431648355,-4.532119471049259,-4.532119471049259,-4.532119471049259,-4.532119471049259,-4.532119471049259,-4.532119471049259,0.0,0.0,0.0,73.9863148454343
175,2019-05-20 02:00:00,78.51418876338077,70.79196060346396,75.36407407769671,78.51418876338077,78.51418876338077,-5.417718583145799,-5.417718583145799,-5.417718583145799,-5.417718583145799,-5.417718583145799,-5.417718583145799,0.0,0.0,0.0,73.09647018023497
176,2019-05-20 03:00:00,78.50994321027798,70.20080529977572,74.60155901480782,78.50994321027798,78.50994321027798,-6.238396116838715,-6.238396116838715,-6.238396116838715,-6.238396116838715,-6.238396116838715,-6.238396116838715,0.0,0.0,0.0,72.27154709343927
177,2019-05-20 04:00:00,78.5056976571752,69.00893525016912,73.50065466811546,78.5056976571752,78.5056976571752,-7.250909766921467,-7.250909766921467,-7.250909766921467,-7.250909766921467,-7.250909766921467,-7.250909766921467,0.0,0.0,0.0,71.25478789025374
178,2019-05-20 05:00:00,78.50145210407241,67.849918887678,72.17201151261143,78.50145210407241,78.50145210407241,-8.392343294679119,-8.392343294679119,-8.392343294679119,-8.392343294679119,-8.392343294679119,-8.392343294679119,0.0,0.0,0.0,70.10910880939329
179,2019-05-20 06:00:00,78.49720655096964,66.9942409392295,71.430452274642,78.49720655096964,78.49720655096964,-9.190101648082303,-9.190101648082303,-9.190101648082303,-9.190101648082303,-9.190101648082303,-9.190101648082303,0.0,0.0,0.0,69.30710490288733
180,2019-05-20 07:00:00,78.49296099786685,67.26010835694639,71.68471433260484,78.49296099786685,78.49296099786685,-9.005631298435144,-9.005631298435144,-9.005631298435144,-9.005631298435144,-9.005631298435144,-9.005631298435144,0.0,0.0,0.0,69.4873296994317
181,2019-05-20 08:00:00,78.4887154447272,68.7384080817794,73.31205367427015,78.4887154447272,78.4887154447272,-7.474168492963085,-7.474168492963085,-7.474168492963085,-7.474168492963085,-7.474168492963085,-7.474168492963085,0.0,0.0,0.0,71.01454695176412
182,2019-05-20 09:00:00,78.48446989158755,71.633788815714,75.88096583779577,78.48446989158755,78.48446989158755,-4.802619458527167,-4.802619458527167,-4.802619458527167,-4.802619458527167,-4.802619458527167,-4.802619458527167,0.0,0.0,0.0,73.68185043306039
183,2019-05-20 10:00:00,78.4802243384479,74.61693939968082,78.9724079132732,78.4802243384479,78.4802243384479,-1.6725462510957552,-1.6725462510957552,-1.6725462510957552,-1.6725462510957552,-1.6725462510957552,-1.6725462510957552,0.0,0.0,0.0,76.80767808735214
184,2019-05-20 11:00:00,78.47597878530826,77.49650361983839,81.75900675236531,78.47597878530826,78.47597878530826,1.187957792619141,1.187957792619141,1.187957792619141,1.187957792619141,1.187957792619141,1.187957792619141,0.0,0.0,0.0,79.6639365779274
185,2019-05-20 12:00:00,78.4717332321686,79.63423627661088,83.96957444687253,78.4717332321686,78.4717332321686,3.4255324208770985,3.4255324208770985,3.4255324208770985,3.4255324208770985,3.4255324208770985,3.4255324208770985,0.0,0.0,0.0,81.89726565304571
186,2019-05-20 13:00:00,78.46748767902895,81.35567212453118,85.76113759015037,78.46748767902895,78.46748767902895,5.151895336311766,5.151895336311766,5.151895336311766,5.151895336311766,5.151895336311766,5.151895336311766,0.0,0.0,0.0,83.61938301534072
187,2019-05-20 14:00:00,78.46324212588931,82.97864467036948,87.284447769863,78.46324212588931,78.46324212588931,6.6678856654109095,6.6678856654109095,6.6678856654109095,6.6678856654109095,6.6678856654109095,6.6678856654109095,0.0,0.0,0.0,85.13112779130022
188,2019-05-20 15:00:00,78.45899657274965,84.42565635565865,88.72416079245154,78.45899657274965,78.45899657274965,8.088981522051952,8.088981522051952,8.088981522051952,8.088981522051952,8.088981522051952,8.088981522051952,0.0,0.0,0.0,86.5479780948016
189,2019-05-20 16:00:00,78.45475101961,85.62137484610442,89.88539361771436,78.45475101961,78.45475101961,9.193196137914358,9.193196137914358,9.193196137914358,9.193196137914358,9.193196137914358,9.193196137914358,0.0,0.0,0.0,87.64794715752436
190,2019-05-20 17:00:00,78.45050547806314,85.66453408046098,90.05801657075754,78.45050547806314,78.45050547806314,9.588033708247135,9.588033708247135,9.588033708247135,9.588033708247135,9.588033708247135,9.588033708247135,0.0,0.0,0.0,88.03853918631027
191,2019-05-20 18:00:00,78.44625993651626,85.3051043497635,89.55614593829917,78.44625993651626,78.44625993651626,9.013803457288196,9.013803457288196,9.013803457288196,9.013803457288196,9.013803457288196,9.013803457288196,0.0,0.0,0.0,87.46006339380445
192,2019-05-20 19:00:00,78.44201439496939,83.73959234799705,88.22271013071276,78.44201439496939,78.44201439496939,7.517437953659746,7.517437953659746,7.517437953659746,7.517437953659746,7.517437953659746,7.517437953659746,0.0,0.0,0.0,85.95945234862914
193,2019-05-20 20:00:00,78.43776885342251,81.78958283969564,86.00755601749746,78.43776885342251,78.43776885342251,5.3907030575987145,5.3907030575987145,5.3907030575987145,5.3907030575987145,5.3907030575987145,5.3907030575987145,0.0,0.0,0.0,83.82847191102123
194,2019-05-20 21:00:00,78.43352331187563,79.36222283782047,83.64491874159357,78.43352331187563,78.43352331187563,2.987153179637948,2.987153179637948,2.987153179637948,2.987153179637948,2.987153179637948,2.987153179637948,0.0,0.0,0.0,81.42067649151358
195,2019-05-20 22:00:00,78.42927777032875,76.95821501835496,81.14494577175894,78.42927777032875,78.42927777032875,0.5986773596879861,0.5986773596879861,0.5986773596879861,0.5986773596879861,0.5986773596879861,0.5986773596879861,0.0,0.0,0.0,79.02795513001674
196,2019-05-20 23:00:00,78.42503222878189,74.83173154492478,79.03678052201339,78.42503222878189,78.42503222878189,-1.550349853177304,-1.550349853177304,-1.550349853177304,-1.550349853177304,-1.550349853177304,-1.550349853177304,0.0,0.0,0.0,76.87468237560458
197,2019-05-21 00:00:00,78.42078668723501,73.0625069648081,77.40731765036571,78.42078668723501,78.42078668723501,-3.2843533565955068,-3.2843533565955068,-3.2843533565955068,-3.2843533565955068,-3.2843533565955068,-3.2843533565955068,0.0,0.0,0.0,75.1364333306395
198,2019-05-21 01:00:00,78.41654114568814,71.65067786680997,76.07316706262591,78.41654114568814,78.41654114568814,-4.532119471102032,-4.532119471102032,-4.532119471102032,-4.532119471102032,-4.532119471102032,-4.532119471102032,0.0,0.0,0.0,73.88442167458611
199,2019-05-21 02:00:00,78.4860336663964,70.78195809588972,75.1028754688189,78.4860336663964,78.4860336663964,-5.417718583181665,-5.417718583181665,-5.417718583181665,-5.417718583181665,-5.417718583181665,-5.417718583181665,0.0,0.0,0.0,73.06831508321473
200,2019-05-21 03:00:00,78.55552618710463,70.1271711653696,74.42914623641103,78.55552618710463,78.55552618710463,-6.238396116849683,-6.238396116849683,-6.238396116849683,-6.238396116849683,-6.238396116849683,-6.238396116849683,0.0,0.0,0.0,72.31713007025495
201,2019-05-21 04:00:00,78.62501870781288,69.16126590369107,73.47467299809875,78.62501870781288,78.62501870781288,-7.250909766949253,-7.250909766949253,-7.250909766949253,-7.250909766949253,-7.250909766949253,-7.250909766949253,0.0,0.0,0.0,71.37410894086364
202,2019-05-21 05:00:00,78.69451122852114,68.05887961212999,72.58105393422925,78.69451122852114,78.69451122852114,-8.392343294708747,-8.392343294708747,-8.392343294708747,-8.392343294708747,-8.392343294708747,-8.392343294708747,0.0,0.0,0.0,70.30216793381238
203,2019-05-21 06:00:00,78.76400374922939,67.43273118607755,71.7623573462521,78.76400374922939,78.76400374922939,-9.19010164809655,-9.19010164809655,-9.19010164809655,-9.19010164809655,-9.19010164809655,-9.19010164809655,0.0,0.0,0.0,69.57390210113284
204,2019-05-21 07:00:00,78.83349626993764,67.59302827452098,72.09296899864614,78.83349626993764,78.83349626993764,-9.005631298420113,-9.005631298420113,-9.005631298420113,-9.005631298420113,-9.005631298420113,-9.005631298420113,0.0,0.0,0.0,69.82786497151753
205,2019-05-21 08:00:00,78.90298879064588,69.24706824852689,73.56926483870487,78.90298879064588,78.90298879064588,-7.474168492955185,-7.474168492955185,-7.474168492955185,-7.474168492955185,-7.474168492955185,-7.474168492955185,0.0,0.0,0.0,71.42882029769069
206,2019-05-21 09:00:00,78.97248131135413,72.00836077392906,76.32520425131753,78.97248131135413,78.97248131135413,-4.802619458513229,-4.802619458513229,-4.802619458513229,-4.802619458513229,-4.802619458513229,-4.802619458513229,0.0,0.0,0.0,74.1698618528409
207,2019-05-21 10:00:00,79.04197383206238,75.14985989360096,79.52380184376344,79.04197383206238,79.04197383206238,-1.672546251067708,-1.672546251067708,-1.672546251067708,-1.672546251067708,-1.672546251067708,-1.672546251067708,0.0,0.0,0.0,77.36942758099467
208,2019-05-21 11:00:00,79.11146635669694,78.2593067908848,82.48475960111641,79.11146635669695,79.11146635669695,1.1879577926600273,1.1879577926600273,1.1879577926600273,1.1879577926600273,1.1879577926600273,1.1879577926600273,0.0,0.0,0.0,80.29942414935697
209,2019-05-21 12:00:00,79.18095888133148,80.48441371552559,84.81468943987295,79.18095888133148,79.18095888133148,3.4255324208995255,3.4255324208995255,3.4255324208995255,3.4255324208995255,3.4255324208995255,3.4255324208995255,0.0,0.0,0.0,82.606491302231
210,2019-05-21 13:00:00,79.25045140596603,82.27797306828566,86.44082440003365,79.25045140596603,79.25045140596603,5.1518953363256745,5.1518953363256745,5.1518953363256745,5.1518953363256745,5.1518953363256745,5.1518953363256745,0.0,0.0,0.0,84.40234674229171
211,2019-05-21 14:00:00,79.31994393060057,83.7745070146209,88.21806491941798,79.31994393060057,79.31994393060057,6.667885665353019,6.667885665353019,6.667885665353019,6.667885665353019,6.667885665353019,6.667885665353019,0.0,0.0,0.0,85.9878295959536
212,2019-05-21 15:00:00,79.38943645523511,85.24254506214528,89.69470668001136,79.38943645523511,79.38943645523511,8.088981522070004,8.088981522070004,8.088981522070004,8.088981522070004,8.088981522070004,8.088981522070004,0.0,0.0,0.0,87.47841797730511
213,2019-05-21 16:00:00,79.45892897986967,86.38192838336502,90.766900603562,79.45892897986967,79.45892897986967,9.193196137899724,9.193196137899724,9.193196137899724,9.193196137899724,9.193196137899724,9.193196137899724,0.0,0.0,0.0,88.65212511776939
214,2019-05-21 17:00:00,79.52842150450422,86.98605543180378,91.2081858132191,79.52842150450422,79.52842150450422,9.588033708297754,9.588033708297754,9.588033708297754,9.588033708297754,9.588033708297754,9.588033708297754,0.0,0.0,0.0,89.11645521280198
215,2019-05-21 18:00:00,79.59791402913876,86.43042142929464,90.70430119729396,79.59791402913876,79.59791402913876,9.013803457360437,9.013803457360437,9.013803457360437,9.013803457360437,9.013803457360437,9.013803457360437,0.0,0.0,0.0,88.6117174864992
216,2019-05-21 19:00:00,79.66740655377332,84.95512462876079,89.33955802688317,79.66740655377332,79.66740655377332,7.517437953627789,7.517437953627789,7.517437953627789,7.517437953627789,7.517437953627789,7.517437953627789,0.0,0.0,0.0,87.18484450740111
217,2019-05-21 20:00:00,79.73689907836588,82.94674464303682,87.43824984193371,79.73689907836588,79.73689907836588,5.390703057652288,5.390703057652288,5.390703057652288,5.390703057652288,5.390703057652288,5.390703057652288,0.0,0.0,0.0,85.12760213601817
218,2019-05-21 21:00:00,79.80639160295846,80.61759721434565,84.98942509536602,79.80639160295846,79.80639160295846,2.9871531797334256,2.9871531797334256,2.9871531797334256,2.9871531797334256,2.9871531797334256,2.9871531797334256,0.0,0.0,0.0,82.79354478269188
219,2019-05-21 22:00:00,79.87588412755102,78.26756268751393,82.79319768390648,79.87588412755102,79.87588412755102,0.5986773596729617,0.5986773596729617,0.5986773596729617,0.5986773596729617,0.5986773596729617,0.5986773596729617,0.0,0.0,0.0,80.47456148722398
220,2019-05-21 23:00:00,79.9453766521436,76.11252772590674,80.67798145546243,79.9453766521436,79.9453766521436,-1.5503498532132598,-1.5503498532132598,-1.5503498532132598,-1.5503498532132598,-1.5503498532132598,-1.5503498532132598,0.0,0.0,0.0,78.39502679893033
221,2019-05-22 00:00:00,80.01486917673616,74.52775217361426,78.88316796596975,80.01486917673616,80.01486917673616,-3.284353356537199,-3.284353356537199,-3.284353356537199,-3.284353356537199,-3.284353356537199,-3.284353356537199,0.0,0.0,0.0,76.73051582019896
222,2019-05-22 01:00:00,80.08436170132873,73.4035418184831,77.73066039269021,80.08436170132873,80.08436170132873,-4.53211947101392,-4.53211947101392,-4.53211947101392,-4.53211947101392,-4.53211947101392,-4.53211947101392,0.0,0.0,0.0,75.55224223031482
223,2019-05-22 02:00:00,80.15385422592131,72.68712718833989,77.03685223133246,80.15385422592131,80.15385422592131,-5.417718583187161,-5.417718583187161,-5.417718583187161,-5.417718583187161,-5.417718583187161,-5.417718583187161,0.0,0.0,0.0,74.73613564273414
224,2019-05-22 03:00:00,80.22334675051387,71.80935470758868,76.14177552305304,80.22334675051387,80.22334675051387,-6.2383961168196445,-6.2383961168196445,-6.2383961168196445,-6.2383961168196445,-6.2383961168196445,-6.2383961168196445,0.0,0.0,0.0,73.98495063369423
225,2019-05-22 04:00:00,80.29283927510643,70.86069679539378,75.34259864193481,80.29283927510643,80.29283927510643,-7.250909766942551,-7.250909766942551,-7.250909766942551,-7.250909766942551,-7.250909766942551,-7.250909766942551,0.0,0.0,0.0,73.04192950816388
226,2019-05-22 05:00:00,80.34570976737125,69.9289448420155,74.2271220360869,80.34570976737125,80.34570976737125,-8.392343294690505,-8.392343294690505,-8.392343294690505,-8.392343294690505,-8.392343294690505,-8.392343294690505,0.0,0.0,0.0,71.95336647268074
227,2019-05-22 06:00:00,80.39858025963606,69.03894644426248,73.42743430222916,80.39858025963606,80.39858025963606,-9.190101648080423,-9.190101648080423,-9.190101648080423,-9.190101648080423,-9.190101648080423,-9.190101648080423,0.0,0.0,0.0,71.20847861155563
228,2019-05-22 07:00:00,80.45145075190088,69.16579880234431,73.59927635582662,80.45145075190088,80.45145075190088,-9.005631298453036,-9.005631298453036,-9.005631298453036,-9.005631298453036,-9.005631298453036,-9.005631298453036,0.0,0.0,0.0,71.44581945344784
229,2019-05-22 08:00:00,80.50432124416571,70.78069416592503,75.26542848965897,80.50432124416571,80.50432124416571,-7.474168492909958,-7.474168492909958,-7.474168492909958,-7.474168492909958,-7.474168492909958,-7.474168492909958,0.0,0.0,0.0,73.03015275125576
230,2019-05-22 09:00:00,80.55719173643052,73.61067767028679,77.97800943578233,80.55719173643052,80.55719173643052,-4.8026194584514235,-4.8026194584514235,-4.8026194584514235,-4.8026194584514235,-4.8026194584514235,-4.8026194584514235,0.0,0.0,0.0,75.75457227797911
231,2019-05-22 10:00:00,80.61006222869534,76.87084438215872,81.17847769962778,80.61006222869534,80.61006222869534,-1.672546251009289,-1.672546251009289,-1.672546251009289,-1.672546251009289,-1.672546251009289,-1.672546251009289,0.0,0.0,0.0,78.93751597768605
232,2019-05-22 11:00:00,80.66293272096016,79.6889266224437,84.1579818257394,80.66293272096016,80.66293272096016,1.187957792705829,1.187957792705829,1.187957792705829,1.187957792705829,1.187957792705829,1.187957792705829,0.0,0.0,0.0,81.85089051366599
233,2019-05-22 12:00:00,80.71580321322497,81.98917173344705,86.40051502064117,80.71580321322497,80.71580321322497,3.4255324209592724,3.4255324209592724,3.4255324209592724,3.4255324209592724,3.4255324209592724,3.4255324209592724,0.0,0.0,0.0,84.14133563418424
234,2019-05-22 13:00:00,80.76867370548979,83.54525524687088,88.06797102091649,80.76867370548979,80.76867370548979,5.151895336387449,5.151895336387449,5.151895336387449,5.151895336387449,5.151895336387449,5.151895336387449,0.0,0.0,0.0,85.92056904187724
235,2019-05-22 14:00:00,80.8215441977546,85.24171884419737,89.54134390616737,80.8215441977546,80.8215441977546,6.667885665369696,6.667885665369696,6.667885665369696,6.667885665369696,6.667885665369696,6.667885665369696,0.0,0.0,0.0,87.4894298631243
236,2019-05-22 15:00:00,80.87441469001942,86.81725959635955,91.20213020497127,80.87441469001942,80.87441469001942,8.088981522092965,8.088981522092965,8.088981522092965,8.088981522092965,8.088981522092965,8.088981522092965,0.0,0.0,0.0,88.96339621211239
237,2019-05-22 16:00:00,80.92728518228425,87.98969110899284,92.29043936373965,80.92728518228425,80.92728518228425,9.193196137922412,9.193196137922412,9.193196137922412,9.193196137922412,9.193196137922412,9.193196137922412,0.0,0.0,0.0,90.12048132020666
238,2019-05-22 17:00:00,80.98015567454907,88.46508218661629,92.75909626476366,80.98015567454908,80.98015567454908,9.588033708308567,9.588033708308567,9.588033708308567,9.588033708308567,9.588033708308567,9.588033708308567,0.0,0.0,0.0,90.56818938285764
239,2019-05-22 18:00:00,81.03302616681388,87.9490922612786,92.23760282894887,81.03302616681387,81.03302616681387,9.013803457320106,9.013803457320106,9.013803457320106,9.013803457320106,9.013803457320106,9.013803457320106,0.0,0.0,0.0,90.04682962413399
240,2019-05-22 19:00:00,81.0858966590787,86.49818851829131,90.72461429273912,81.0858966590787,81.0858966590787,7.517437953600746,7.517437953600746,7.517437953600746,7.517437953600746,7.517437953600746,7.517437953600746,0.0,0.0,0.0,88.60333461267945
241,2019-05-22 20:00:00,81.13876715134352,84.33061804958506,88.86236716478403,81.13876715134352,81.13876715134352,5.390703057642173,5.390703057642173,5.390703057642173,5.390703057642173,5.390703057642173,5.390703057642173,0.0,0.0,0.0,86.52947020898569
242,2019-05-22 21:00:00,81.19163764360833,82.10908154545571,86.33963380169499,81.19163764360833,81.19163764360833,2.987153179681431,2.987153179681431,2.987153179681431,2.987153179681431,2.987153179681431,2.987153179681431,0.0,0.0,0.0,84.17879082328976
243,2019-05-22 22:00:00,81.24450813587315,79.59577924179047,84.0756935064629,81.24450813587315,81.24450813587315,0.5986773596275662,0.5986773596275662,0.5986773596275662,0.5986773596275662,0.5986773596275662,0.5986773596275662,0.0,0.0,0.0,81.84318549550072
244,2019-05-22 23:00:00,81.29737862813796,77.58189235871015,82.08527818212511,81.29737862813796,81.29737862813796,-1.5503498531313697,-1.5503498531313697,-1.5503498531313697,-1.5503498531313697,-1.5503498531313697,-1.5503498531313697,0.0,0.0,0.0,79.7470287750066
245,2019-05-23 00:00:00,81.3502491204028,75.95242916200903,80.31458881608071,81.3502491204028,81.3502491204028,-3.2843533565523133,-3.2843533565523133,-3.2843533565523133,-3.2843533565523133,-3.2843533565523133,-3.2843533565523133,0.0,0.0,0.0,78.06589576385048
246,2019-05-23 01:00:00,81.40311961266761,74.70068128306282,79.13729413718444,81.40311961266761,81.40311961266761,-4.532119471066691,-4.532119471066691,-4.532119471066691,-4.532119471066691,-4.532119471066691,-4.532119471066691,0.0,0.0,0.0,76.87100014160092
247,2019-05-23 02:00:00,81.45599010493243,73.8142650579996,78.2193109856674,81.45599010493243,81.45599010493243,-5.417718583155942,-5.417718583155942,-5.417718583155942,-5.417718583155942,-5.417718583155942,-5.417718583155942,0.0,0.0,0.0,76.03827152177648
248,2019-05-23 03:00:00,81.50886059719724,73.04216220425148,77.49607397528443,81.50886059719724,81.50886059719724,-6.238396116830612,-6.238396116830612,-6.238396116830612,-6.238396116830612,-6.238396116830612,-6.238396116830612,0.0,0.0,0.0,75.27046448036663
249,2019-05-23 04:00:00,81.56173108946206,72.19460664123271,76.42258455506416,81.56173108946206,81.56173108946206,-7.250909766933015,-7.250909766933015,-7.250909766933015,-7.250909766933015,-7.250909766933015,-7.250909766933015,0.0,0.0,0.0,74.31082132252904
250,2019-05-23 05:00:00,81.61460158172686,71.09455606393128,75.53752515429886,81.61460158172687,81.61460158172687,-8.392343294696246,-8.392343294696246,-8.392343294696246,-8.392343294696246,-8.392343294696246,-8.392343294696246,0.0,0.0,0.0,73.22225828703061
251,2019-05-23 06:00:00,81.66747207399169,70.27784434653854,74.74628361394895,81.66747207399169,81.66747207399169,-9.190101648094926,-9.190101648094926,-9.190101648094926,-9.190101648094926,-9.190101648094926,-9.190101648094926,0.0,0.0,0.0,72.47737042589677
252,2019-05-23 07:00:00,81.7203425662565,70.60557424824538,74.81571328200683,81.7203425662565,81.7203425662565,-9.005631298438004,-9.005631298438004,-9.005631298438004,-9.005631298438004,-9.005631298438004,-9.005631298438004,0.0,0.0,0.0,72.7147112678185
253,2019-05-23 08:00:00,81.77321305852132,72.16003901693445,76.5913600168325,81.77321305852132,81.77321305852132,-7.474168492995577,-7.474168492995577,-7.474168492995577,-7.474168492995577,-7.474168492995577,-7.474168492995577,0.0,0.0,0.0,74.29904456552575
254,2019-05-23 09:00:00,81.82608355078615,74.78617394369064,79.11012981449718,81.82608355078615,81.82608355078615,-4.8026194585703035,-4.8026194585703035,-4.8026194585703035,-4.8026194585703035,-4.8026194585703035,-4.8026194585703035,0.0,0.0,0.0,77.02346409221585
255,2019-05-23 10:00:00,81.87895404305097,77.98442781404776,82.36321009626427,81.87895404305097,81.87895404305097,-1.672546251130524,-1.672546251130524,-1.672546251130524,-1.672546251130524,-1.672546251130524,-1.672546251130524,0.0,0.0,0.0,80.20640779192044
256,2019-05-23 11:00:00,81.93182453531577,81.07573145524071,85.33852259115544,81.93182453531577,81.93182453531577,1.1879577927467158,1.1879577927467158,1.1879577927467158,1.1879577927467158,1.1879577927467158,1.1879577927467158,0.0,0.0,0.0,83.11978232806248
257,2019-05-23 12:00:00,81.98469502758059,83.21670834753832,87.5004441820227,81.98469502758059,81.98469502758059,3.425532420846202,3.425532420846202,3.425532420846202,3.425532420846202,3.425532420846202,3.425532420846202,0.0,0.0,0.0,85.41022744842678
258,2019-05-23 13:00:00,82.0375655198454,84.95384081995,89.45140021455137,82.0375655198454,82.0375655198454,5.151895336277863,5.151895336277863,5.151895336277863,5.151895336277863,5.151895336277863,5.151895336277863,0.0,0.0,0.0,87.18946085612326
259,2019-05-23 14:00:00,82.09043601211023,86.5846326445986,90.86869470436704,82.09043601211025,82.09043601211025,6.667885665416745,6.667885665416745,6.667885665416745,6.667885665416745,6.667885665416745,6.667885665416745,0.0,0.0,0.0,88.75832167752698
260,2019-05-23 15:00:00,82.14330650437505,88.00499041148458,92.46498711321006,82.14330650437503,82.14330650437503,8.088981522111014,8.088981522111014,8.088981522111014,8.088981522111014,8.088981522111014,8.088981522111014,0.0,0.0,0.0,90.23228802648606
261,2019-05-23 16:00:00,82.19617699663986,89.10331906235727,93.49601249596901,82.19617699663986,82.19617699663986,9.193196137890551,9.193196137890551,9.193196137890551,9.193196137890551,9.193196137890551,9.193196137890551,0.0,0.0,0.0,91.38937313453042
262,2019-05-23 17:00:00,82.2490474889047,89.67725339162838,94.06875146290535,82.2490474889047,82.2490474889047,9.588033708271514,9.588033708271514,9.588033708271514,9.588033708271514,9.588033708271514,9.588033708271514,0.0,0.0,0.0,91.8370811971762
263,2019-05-23 18:00:00,82.30191798116951,89.11612497757666,93.52076843554931,82.30191798116951,82.30191798116951,9.013803457310146,9.013803457310146,9.013803457310146,9.013803457310146,9.013803457310146,9.013803457310146,0.0,0.0,0.0,91.31572143847966
264,2019-05-23 19:00:00,82.35478847343431,87.83046710657987,91.79995678008521,82.35478847343431,82.35478847343431,7.517437953568789,7.517437953568789,7.517437953568789,7.517437953568789,7.517437953568789,7.517437953568789,0.0,0.0,0.0,89.8722264270031
265,2019-05-23 20:00:00,82.40765896569913,85.67112287983994,90.0785315482765,82.40765896569913,82.40765896569913,5.390703057594736,5.390703057594736,5.390703057594736,5.390703057594736,5.390703057594736,5.390703057594736,0.0,0.0,0.0,87.79836202329386
266,2019-05-23 21:00:00,82.46052945796394,83.17364649228503,87.48622215437523,82.46052945796394,82.46052945796394,2.9871531796294386,2.9871531796294386,2.9871531796294386,2.9871531796294386,2.9871531796294386,2.9871531796294386,0.0,0.0,0.0,85.44768263759339
267,2019-05-23 22:00:00,82.51339995022877,81.15868827271713,85.21257873094629,82.51339995022877,82.51339995022877,0.5986773596125415,0.5986773596125415,0.5986773596125415,0.5986773596125415,0.5986773596125415,0.5986773596125415,0.0,0.0,0.0,83.11207730984131
268,2019-05-23 23:00:00,82.56627044249359,78.8482872565071,83.26617017836948,82.56627044249359,82.56627044249359,-1.5503498531673259,-1.5503498531673259,-1.5503498531673259,-1.5503498531673259,-1.5503498531673259,-1.5503498531673259,0.0,0.0,0.0,81.01592058932627
269,2019-05-24 00:00:00,82.6191409347584,77.28597849747652,81.59061449878935,82.6191409347584,82.6191409347584,-3.2843533566047483,-3.2843533566047483,-3.2843533566047483,-3.2843533566047483,-3.2843533566047483,-3.2843533566047483,0.0,0.0,0.0,79.33478757815365
270,2019-05-24 01:00:00,82.67201142702322,75.86711757191827,80.20596816000965,82.67201142702322,82.67201142702322,-4.5321194710715975,-4.5321194710715975,-4.5321194710715975,-4.5321194710715975,-4.5321194710715975,-4.5321194710715975,0.0,0.0,0.0,78.13989195595163
271,2019-05-24 02:00:00,82.72488191928804,75.08544326070222,79.55543650578217,82.72488191928804,82.72488191928804,-5.417718583161438,-5.417718583161438,-5.417718583161438,-5.417718583161438,-5.417718583161438,-5.417718583161438,0.0,0.0,0.0,77.30716333612659
272,2019-05-24 03:00:00,82.77775241155285,74.46621616804397,78.91084501089797,82.77775241155285,82.77775241155285,-6.238396116846495,-6.238396116846495,-6.238396116846495,-6.238396116846495,-6.238396116846495,-6.238396116846495,0.0,0.0,0.0,76.53935629470635
273,2019-05-24 04:00:00,82.83062290381767,73.45421844903984,77.741912876041,82.83062290381767,82.83062290381767,-7.2509097669608025,-7.2509097669608025,-7.2509097669608025,-7.2509097669608025,-7.2509097669608025,-7.2509097669608025,0.0,0.0,0.0,75.57971313685687
274,2019-05-24 05:00:00,82.88349339608249,72.26975979753517,76.86003831163038,82.88349339608249,82.88349339608249,-8.392343294678007,-8.392343294678007,-8.392343294678007,-8.392343294678007,-8.392343294678007,-8.392343294678007,0.0,0.0,0.0,74.49115010140449
275,2019-05-24 06:00:00,82.9363638883473,71.64073690528973,75.81929888767014,82.9363638883473,82.9363638883473,-9.190101648078798,-9.190101648078798,-9.190101648078798,-9.190101648078798,-9.190101648078798,-9.190101648078798,0.0,0.0,0.0,73.7462622402685
276,2019-05-24 07:00:00,82.98923438061213,71.83853026071993,76.17119420735887,82.98923438061213,82.98923438061213,-9.00563129842789,-9.00563129842789,-9.00563129842789,-9.00563129842789,-9.00563129842789,-9.00563129842789,0.0,0.0,0.0,73.98360308218425
277,2019-05-24 08:00:00,83.04210487287695,73.26925139867913,77.85175453228851,83.04210487287695,83.04210487287695,-7.474168492950352,-7.474168492950352,-7.474168492950352,-7.474168492950352,-7.474168492950352,-7.474168492950352,0.0,0.0,0.0,75.56793637992659
278,2019-05-24 09:00:00,83.09497536514176,76.04665190954428,80.46601008199356,83.09497536514176,83.09497536514176,-4.802619458508499,-4.802619458508499,-4.802619458508499,-4.802619458508499,-4.802619458508499,-4.802619458508499,0.0,0.0,0.0,78.29235590663326
279,2019-05-24 10:00:00,83.14784585740658,79.29899808913487,83.727041068792,83.14784585740658,83.14784585740658,-1.6725462510721067,-1.6725462510721067,-1.6725462510721067,-1.6725462510721067,-1.6725462510721067,-1.6725462510721067,0.0,0.0,0.0,81.47529960633447
280,2019-05-24 11:00:00,83.2007163496714,82.34141210933939,86.47394449661333,83.2007163496714,83.2007163496714,1.1879577926462572,1.1879577926462572,1.1879577926462572,1.1879577926462572,1.1879577926462572,1.1879577926462572,0.0,0.0,0.0,84.38867414231765
281,2019-05-24 12:00:00,83.25358684193621,84.56575161759025,88.86924678051487,83.2535868419362,83.2535868419362,3.4255324209059492,3.4255324209059492,3.4255324209059492,3.4255324209059492,3.4255324209059492,3.4255324209059492,0.0,0.0,0.0,86.67911926284216
282,2019-05-24 13:00:00,83.30645733420103,86.63907835045389,90.57365233690741,83.30645733420103,83.30645733420103,5.1518953363396385,5.1518953363396385,5.1518953363396385,5.1518953363396385,5.1518953363396385,5.1518953363396385,0.0,0.0,0.0,88.45835267054066
283,2019-05-25 13:00:00,84.57534914855665,87.12652873266572,92.32232996972267,83.42279208457936,85.67396908706837,5.151895336353546,5.151895336353546,5.151895336353546,5.151895336353546,5.151895336353546,5.151895336353546,0.0,0.0,0.0,89.7272444849102
